Block,Day,Plate,Date,StartTime,EndTime,Diet,Parasites,Clone,Rep,Well,Column,Notes
3,7,1,1/10/2022,8:25,14:44,S,Uninf,MID,1,A1,1,
3,7,1,1/10/2022,8:25,14:44,S,Uninf,MID,2,A2,2,
3,7,1,1/10/2022,8:25,14:44,S,Uninf,MID,3,A3,3,
3,7,1,1/10/2022,8:25,14:44,S,Uninf,MID,4,A4,4,
3,7,1,1/10/2022,8:25,14:44,S,Uninf,MID,5,A5,5,
3,7,1,1/10/2022,8:25,14:44,S,Uninf,STD,1,A6,6,
3,7,1,1/10/2022,8:25,14:44,S,Uninf,STD,2,A7,7,
3,7,1,1/10/2022,8:25,14:44,S,Uninf,STD,3,A8,8,
3,7,1,1/10/2022,8:25,14:44,S,Uninf,STD,4,A9,9,
3,7,1,1/10/2022,8:25,14:44,S,Uninf,STD,5,A10,10,
3,7,1,1/10/2022,8:25,14:44,S,Uninf,NoDaphnia,NoDaphnia,A11,11,
3,7,1,1/10/2022,8:25,14:44,S,Uninf,NoAlgae,NoAlgae,A12,12,
3,7,2,1/10/2022,8:25,15:00,S,Metsch,MID,1,A1,1,
3,7,2,1/10/2022,8:25,15:00,S,Metsch,MID,2,A2,2,
3,7,2,1/10/2022,8:25,15:00,S,Metsch,MID,3,A3,3,
3,7,2,1/10/2022,8:25,15:00,S,Metsch,MID,4,A4,4,
3,7,2,1/10/2022,8:25,15:00,S,Metsch,MID,5,A5,5,
3,7,2,1/10/2022,8:25,15:00,S,Metsch,STD,1,A6,6,
3,7,2,1/10/2022,8:25,15:00,S,Metsch,STD,2,A7,7,
3,7,2,1/10/2022,8:25,15:00,S,Metsch,STD,3,A8,8,
3,7,2,1/10/2022,8:25,15:00,S,Metsch,STD,4,A9,9,
3,7,2,1/10/2022,8:25,15:00,S,Metsch,STD,5,A10,10,
3,7,2,1/10/2022,8:25,15:00,S,Metsch,NoDaphnia,NoDaphnia,A11,11,
3,7,2,1/10/2022,8:25,15:00,S,Metsch,NoAlgae,NoAlgae,A12,12,
3,7,3,1/10/2022,8:41,14:45,SM,Uninf,MID,1,A1,1,
3,7,3,1/10/2022,8:41,14:45,SM,Uninf,MID,2,A2,2,
3,7,3,1/10/2022,8:41,14:45,SM,Uninf,MID,3,A3,3,
3,7,3,1/10/2022,8:41,14:45,SM,Uninf,MID,4,A4,4,
3,7,3,1/10/2022,8:41,14:45,SM,Uninf,MID,5,A5,5,
3,7,3,1/10/2022,8:41,14:45,SM,Uninf,STD,1,A6,6,
3,7,3,1/10/2022,8:41,14:45,SM,Uninf,STD,2,A7,7,
3,7,3,1/10/2022,8:41,14:45,SM,Uninf,STD,3,A8,8,
3,7,3,1/10/2022,8:41,14:45,SM,Uninf,STD,4,A9,9,
3,7,3,1/10/2022,8:41,14:45,SM,Uninf,STD,5,A10,10,
3,7,3,1/10/2022,8:41,14:45,SM,Uninf,NoDaphnia,NoDaphnia,A11,11,
3,7,3,1/10/2022,8:41,14:45,SM,Uninf,NoAlgae,NoAlgae,A12,12,
3,7,4,1/10/2022,8:41,15:00,SM,Metsch,MID,1,A1,1,
3,7,4,1/10/2022,8:41,15:00,SM,Metsch,MID,2,A2,2,
3,7,4,1/10/2022,8:41,15:00,SM,Metsch,MID,3,A3,3,
3,7,4,1/10/2022,8:41,15:00,SM,Metsch,MID,4,A4,4,
3,7,4,1/10/2022,8:41,15:00,SM,Metsch,MID,5,A5,5,
3,7,4,1/10/2022,8:41,15:00,SM,Metsch,STD,1,A6,6,
3,7,4,1/10/2022,8:41,15:00,SM,Metsch,STD,2,A7,7,
3,7,4,1/10/2022,8:41,15:00,SM,Metsch,STD,3,A8,8,
3,7,4,1/10/2022,8:41,15:00,SM,Metsch,STD,4,A9,9,
3,7,4,1/10/2022,8:41,15:00,SM,Metsch,STD,5,A10,10,
3,7,4,1/10/2022,8:41,15:00,SM,Metsch,NoDaphnia,NoDaphnia,A11,11,
3,7,4,1/10/2022,8:41,15:00,SM,Metsch,NoAlgae,NoAlgae,A12,12,
3,7,5,1/10/2022,8:29,15:15,M,Uninf,MID,1,A1,1,
3,7,5,1/10/2022,8:29,15:15,M,Uninf,MID,2,A2,2,
3,7,5,1/10/2022,8:29,15:15,M,Uninf,MID,3,A3,3,
3,7,5,1/10/2022,8:29,15:15,M,Uninf,MID,4,A4,4,
3,7,5,1/10/2022,8:29,15:15,M,Uninf,MID,5,A5,5,
3,7,5,1/10/2022,8:29,15:15,M,Uninf,STD,1,A6,6,
3,7,5,1/10/2022,8:29,15:15,M,Uninf,STD,2,A7,7,
3,7,5,1/10/2022,8:29,15:15,M,Uninf,STD,3,A8,8,
3,7,5,1/10/2022,8:29,15:15,M,Uninf,STD,4,A9,9,
3,7,5,1/10/2022,8:29,15:15,M,Uninf,STD,5,A10,10,
3,7,5,1/10/2022,8:29,15:15,M,Uninf,NoDaphnia,NoDaphnia,A11,11,
3,7,5,1/10/2022,8:29,15:15,M,Uninf,NoAlgae,NoAlgae,A12,12,
3,7,6,1/10/2022,8:29,15:25,M,Metsch,MID,1,A1,1,
3,7,6,1/10/2022,8:29,15:25,M,Metsch,MID,2,A2,2,
3,7,6,1/10/2022,8:29,15:25,M,Metsch,MID,3,A3,3,
3,7,6,1/10/2022,8:29,15:25,M,Metsch,MID,4,A4,4,
3,7,6,1/10/2022,8:29,15:25,M,Metsch,MID,5,A5,5,
3,7,6,1/10/2022,8:29,15:25,M,Metsch,STD,1,A6,6,
3,7,6,1/10/2022,8:29,15:25,M,Metsch,STD,2,A7,7,
3,7,6,1/10/2022,8:29,15:25,M,Metsch,STD,3,A8,8,
3,7,6,1/10/2022,8:29,15:25,M,Metsch,STD,4,A9,9,
3,7,6,1/10/2022,8:29,15:25,M,Metsch,STD,5,A10,10,
3,7,6,1/10/2022,8:29,15:25,M,Metsch,NoDaphnia,NoDaphnia,A11,11,
3,7,6,1/10/2022,8:29,15:25,M,Metsch,NoAlgae,NoAlgae,A12,12,
3,7,7,1/10/2022,8:48,15:15,M+,Uninf,MID,1,A1,1,
3,7,7,1/10/2022,8:48,15:15,M+,Uninf,MID,2,A2,2,
3,7,7,1/10/2022,8:48,15:15,M+,Uninf,MID,3,A3,3,
3,7,7,1/10/2022,8:48,15:15,M+,Uninf,MID,4,A4,4,
3,7,7,1/10/2022,8:48,15:15,M+,Uninf,MID,5,A5,5,
3,7,7,1/10/2022,8:48,15:15,M+,Uninf,STD,1,A6,6,
3,7,7,1/10/2022,8:48,15:15,M+,Uninf,STD,2,A7,7,
3,7,7,1/10/2022,8:48,15:15,M+,Uninf,STD,3,A8,8,
3,7,7,1/10/2022,8:48,15:15,M+,Uninf,STD,4,A9,9,
3,7,7,1/10/2022,8:48,15:15,M+,Uninf,STD,5,A10,10,
3,7,7,1/10/2022,8:48,15:15,M+,Uninf,NoDaphnia,NoDaphnia,A11,11,
3,7,7,1/10/2022,8:48,15:15,M+,Uninf,NoAlgae,NoAlgae,A12,12,
3,7,8,1/10/2022,8:48,15:25,M+,Metsch,MID,1,A1,1,
3,7,8,1/10/2022,8:48,15:25,M+,Metsch,MID,2,A2,2,
3,7,8,1/10/2022,8:48,15:25,M+,Metsch,MID,3,A3,3,
3,7,8,1/10/2022,8:48,15:25,M+,Metsch,MID,4,A4,4,
3,7,8,1/10/2022,8:48,15:25,M+,Metsch,MID,5,A5,5,
3,7,8,1/10/2022,8:48,15:25,M+,Metsch,STD,1,A6,6,
3,7,8,1/10/2022,8:48,15:25,M+,Metsch,STD,2,A7,7,
3,7,8,1/10/2022,8:48,15:25,M+,Metsch,STD,3,A8,8,
3,7,8,1/10/2022,8:48,15:25,M+,Metsch,STD,4,A9,9,
3,7,8,1/10/2022,8:48,15:25,M+,Metsch,STD,5,A10,10,
3,7,8,1/10/2022,8:48,15:25,M+,Metsch,NoDaphnia,NoDaphnia,A11,11,
3,7,8,1/10/2022,8:48,15:25,M+,Metsch,NoAlgae,NoAlgae,A12,12,
4,8,1,1/11/2022,8:21,14:23,S,Uninf,STD,6,A1,1,
4,8,1,1/11/2022,8:21,14:23,S,Uninf,STD,8,A2,2,
4,8,1,1/11/2022,8:21,14:23,S,Uninf,STD,9,A3,3,
4,8,1,1/11/2022,8:21,14:23,S,Uninf,STD,10,A4,4,
4,8,1,1/11/2022,8:21,14:23,S,Uninf,MID,6,A5,5,
4,8,1,1/11/2022,8:21,14:23,S,Uninf,MID,7,A6,6,
4,8,1,1/11/2022,8:21,14:23,S,Uninf,MID,8,A7,7,
4,8,1,1/11/2022,8:21,14:23,S,Uninf,MID,9,A8,8,
4,8,1,1/11/2022,8:21,14:23,S,Uninf,MID,10,A9,9,
4,8,1,1/11/2022,8:21,14:23,S,Uninf,NA,NA,A10,10,
4,8,1,1/11/2022,8:21,14:23,S,Uninf,NoDaphnia,NoDaphnia,A11,11,
4,8,1,1/11/2022,8:21,14:23,S,Uninf,NoAlgae,NoAlgae,A12,12,
4,8,2,1/11/2022,8:21,14:38,S,Metsch,STD,6,A1,1,
4,8,2,1/11/2022,8:21,14:38,S,Metsch,STD,7,A2,2,
4,8,2,1/11/2022,8:21,14:38,S,Metsch,STD,8,A3,3,
4,8,2,1/11/2022,8:21,14:38,S,Metsch,STD,9,A4,4,
4,8,2,1/11/2022,8:21,14:38,S,Metsch,STD,10,A5,5,
4,8,2,1/11/2022,8:21,14:38,S,Metsch,MID,6,A6,6,
4,8,2,1/11/2022,8:21,14:38,S,Metsch,MID,7,A7,7,
4,8,2,1/11/2022,8:21,14:38,S,Metsch,MID,8,A8,8,
4,8,2,1/11/2022,8:21,14:38,S,Metsch,MID,9,A9,9,
4,8,2,1/11/2022,8:21,14:38,S,Metsch,MID,10,A10,10,
4,8,2,1/11/2022,8:21,14:38,S,Metsch,NoDaphnia,NoDaphnia,A11,11,
4,8,2,1/11/2022,8:21,14:38,S,Metsch,NoAlgae,NoAlgae,A12,12,
4,8,3,1/11/2022,8:31,14:36,M,Uninf,MID,6,A1,1,
4,8,3,1/11/2022,8:31,14:36,M,Uninf,MID,7,A2,2,
4,8,3,1/11/2022,8:31,14:36,M,Uninf,MID,8,A3,3,
4,8,3,1/11/2022,8:31,14:36,M,Uninf,MID,10,A4,4,
4,8,3,1/11/2022,8:31,14:36,M,Uninf,STD,6,A5,5,
4,8,3,1/11/2022,8:31,14:36,M,Uninf,STD,7,A6,6,
4,8,3,1/11/2022,8:31,14:36,M,Uninf,STD,8,A7,7,
4,8,3,1/11/2022,8:31,14:36,M,Uninf,STD,9,A8,8,
4,8,3,1/11/2022,8:31,14:36,M,Uninf,STD,10,A9,9,
4,8,3,1/11/2022,8:31,14:36,M,Uninf,NA,NA,A10,10,
4,8,3,1/11/2022,8:31,14:36,M,Uninf,NoDaphnia,NoDaphnia,A11,11,
4,8,3,1/11/2022,8:31,14:36,M,Uninf,NoAlgae,NoAlgae,A12,12,
4,8,4,1/11/2022,8:31,14:45,M,Metsch,MID,6,A1,1,died
4,8,4,1/11/2022,8:31,14:45,M,Metsch,MID,7,A2,2,
4,8,4,1/11/2022,8:31,14:45,M,Metsch,MID,8,A3,3,
4,8,4,1/11/2022,8:31,14:45,M,Metsch,MID,9,A4,4,
4,8,4,1/11/2022,8:31,14:45,M,Metsch,MID,10,A5,5,died
4,8,4,1/11/2022,8:31,14:45,M,Metsch,STD,6,A6,6,
4,8,4,1/11/2022,8:31,14:45,M,Metsch,STD,7,A7,7,died
4,8,4,1/11/2022,8:31,14:45,M,Metsch,STD,8,A8,8,died
4,8,4,1/11/2022,8:31,14:45,M,Metsch,STD,9,A9,9,died
4,8,4,1/11/2022,8:31,14:45,M,Metsch,STD,10,A10,10,died
4,8,4,1/11/2022,8:31,14:45,M,Metsch,NoDaphnia,NoDaphnia,A11,11,
4,8,4,1/11/2022,8:31,14:45,M,Metsch,NoAlgae,NoAlgae,A12,12,
4,8,5,1/11/2022,8:47,14:51,SM,Uninf,MID,6,A1,1,
4,8,5,1/11/2022,8:47,14:51,SM,Uninf,MID,7,A2,2,
4,8,5,1/11/2022,8:47,14:51,SM,Uninf,MID,8,A3,3,
4,8,5,1/11/2022,8:47,14:51,SM,Uninf,MID,9,A4,4,
4,8,5,1/11/2022,8:47,14:51,SM,Uninf,MID,10,A5,5,
4,8,5,1/11/2022,8:47,14:51,SM,Uninf,STD,6,A6,6,
4,8,5,1/11/2022,8:47,14:51,SM,Uninf,STD,7,A7,7,
4,8,5,1/11/2022,8:47,14:51,SM,Uninf,STD,8,A8,8,
4,8,5,1/11/2022,8:47,14:51,SM,Uninf,STD,9,A9,9,
4,8,5,1/11/2022,8:47,14:51,SM,Uninf,STD,10,A10,10,
4,8,5,1/11/2022,8:47,14:51,SM,Uninf,NoDaphnia,NoDaphnia,A11,11,
4,8,5,1/11/2022,8:47,14:51,SM,Uninf,NoAlgae,NoAlgae,A12,12,
4,8,6,1/11/2022,8:46,14:56,M+,Uninf,MID,6,A1,1,
4,8,6,1/11/2022,8:46,14:56,M+,Uninf,MID,7,A2,2,
4,8,6,1/11/2022,8:46,14:56,M+,Uninf,MID,8,A3,3,
4,8,6,1/11/2022,8:46,14:56,M+,Uninf,MID,9,A4,4,
4,8,6,1/11/2022,8:46,14:56,M+,Uninf,MID,10,A5,5,
4,8,6,1/11/2022,8:46,14:56,M+,Uninf,STD,6,A6,6,
4,8,6,1/11/2022,8:46,14:56,M+,Uninf,STD,7,A7,7,
4,8,6,1/11/2022,8:46,14:56,M+,Uninf,STD,8,A8,8,
4,8,6,1/11/2022,8:46,14:56,M+,Uninf,STD,9,A9,9,
4,8,6,1/11/2022,8:46,14:56,M+,Uninf,STD,10,A10,10,
4,8,6,1/11/2022,8:46,14:56,M+,Uninf,NoDaphnia,NoDaphnia,A11,11,
4,8,6,1/11/2022,8:46,14:56,M+,Uninf,NoAlgae,NoAlgae,A12,12,
4,8,7,1/11/2022,8:47,15:03,SM,Metsch,MID,6,A1,1,
4,8,7,1/11/2022,8:47,15:03,SM,Metsch,MID,7,A2,2,
4,8,7,1/11/2022,8:47,15:03,SM,Metsch,MID,9,A3,3,died
4,8,7,1/11/2022,8:47,15:03,SM,Metsch,MID,10,A4,4,
4,8,7,1/11/2022,8:47,15:03,SM,Metsch,STD,6,A5,5,
4,8,7,1/11/2022,8:47,15:03,SM,Metsch,STD,7,A6,6,
4,8,7,1/11/2022,8:47,15:03,SM,Metsch,STD,8,A7,7,
4,8,7,1/11/2022,8:47,15:03,SM,Metsch,STD,9,A8,8,
4,8,7,1/11/2022,8:47,15:03,SM,Metsch,STD,10,A9,9,
4,8,7,1/11/2022,8:47,15:03,SM,Metsch,NA,NA,A10,10,
4,8,7,1/11/2022,8:47,15:03,SM,Metsch,NoDaphnia,NoDaphnia,A11,11,
4,8,7,1/11/2022,8:47,15:03,SM,Metsch,NoAlgae,NoAlgae,A12,12,
4,8,8,1/11/2022,8:46,15:06,M+,Metsch,MID,6,A1,1,
4,8,8,1/11/2022,8:46,15:06,M+,Metsch,MID,7,A2,2,
4,8,8,1/11/2022,8:46,15:06,M+,Metsch,MID,8,A3,3,
4,8,8,1/11/2022,8:46,15:06,M+,Metsch,MID,9,A4,4,
4,8,8,1/11/2022,8:46,15:06,M+,Metsch,MID,10,A5,5,
4,8,8,1/11/2022,8:46,15:06,M+,Metsch,STD,6,A6,6,
4,8,8,1/11/2022,8:46,15:06,M+,Metsch,STD,7,A7,7,
4,8,8,1/11/2022,8:46,15:06,M+,Metsch,STD,8,A8,8,
4,8,8,1/11/2022,8:46,15:06,M+,Metsch,STD,9,A9,9,
4,8,8,1/11/2022,8:46,15:06,M+,Metsch,STD,10,A10,10,
4,8,8,1/11/2022,8:46,15:06,M+,Metsch,NoDaphnia,NoDaphnia,A11,11,
4,8,8,1/11/2022,8:46,15:06,M+,Metsch,NoAlgae,NoAlgae,A12,12,
3,14,1,1/17/2022,8:34,14:38,S,Uninf,MID,1,A1,1,
3,14,1,1/17/2022,8:34,14:38,S,Uninf,MID,2,A2,2,
3,14,1,1/17/2022,8:34,14:38,S,Uninf,MID,3,A3,3,
3,14,1,1/17/2022,8:34,14:38,S,Uninf,MID,4,A4,4,
3,14,1,1/17/2022,8:34,14:38,S,Uninf,MID,5,A5,5,
3,14,1,1/17/2022,8:34,14:38,S,Uninf,STD,1,A6,6,
3,14,1,1/17/2022,8:34,14:38,S,Uninf,STD,2,A7,7,
3,14,1,1/17/2022,8:34,14:38,S,Uninf,STD,3,A8,8,
3,14,1,1/17/2022,8:34,14:38,S,Uninf,STD,4,A9,9,
3,14,1,1/17/2022,8:34,14:38,S,Uninf,NA,NA,A10,10,
3,14,1,1/17/2022,8:34,14:38,S,Uninf,NoDaphnia,NoDaphnia,A11,11,
3,14,1,1/17/2022,8:34,14:38,S,Uninf,NoAlgae,NoAlgae,A12,12,
3,14,2,1/17/2022,8:34,14:50,S,Metsch,MID,1,A1,1,
3,14,2,1/17/2022,8:34,14:50,S,Metsch,MID,2,A2,2,
3,14,2,1/17/2022,8:34,14:50,S,Metsch,MID,3,A3,3,
3,14,2,1/17/2022,8:34,14:50,S,Metsch,MID,4,A4,4,
3,14,2,1/17/2022,8:34,14:50,S,Metsch,MID,5,A5,5,
3,14,2,1/17/2022,8:34,14:50,S,Metsch,STD,1,A6,6,
3,14,2,1/17/2022,8:34,14:50,S,Metsch,STD,3,A7,7,
3,14,2,1/17/2022,8:34,14:50,S,Metsch,STD,4,A8,8,
3,14,2,1/17/2022,8:34,14:50,S,Metsch,STD,5,A9,9,
3,14,2,1/17/2022,8:34,14:50,S,Metsch,NA,NA,A10,10,
3,14,2,1/17/2022,8:34,14:50,S,Metsch,NoDaphnia,NoDaphnia,A11,11,
3,14,2,1/17/2022,8:34,14:50,S,Metsch,NoAlgae,NoAlgae,A12,12,
3,14,3,1/17/2022,8:38,14:38,M,Uninf,MID,1,A1,1,
3,14,3,1/17/2022,8:38,14:38,M,Uninf,MID,2,A2,2,
3,14,3,1/17/2022,8:38,14:38,M,Uninf,MID,3,A3,3,
3,14,3,1/17/2022,8:38,14:38,M,Uninf,MID,4,A4,4,
3,14,3,1/17/2022,8:38,14:38,M,Uninf,MID,5,A5,5,
3,14,3,1/17/2022,8:38,14:38,M,Uninf,STD,1,A6,6,
3,14,3,1/17/2022,8:38,14:38,M,Uninf,STD,2,A7,7,
3,14,3,1/17/2022,8:38,14:38,M,Uninf,STD,3,A8,8,
3,14,3,1/17/2022,8:38,14:38,M,Uninf,STD,4,A9,9,
3,14,3,1/17/2022,8:38,14:38,M,Uninf,STD,5,A10,10,
3,14,3,1/17/2022,8:38,14:38,M,Uninf,NoDaphnia,NoDaphnia,A11,11,
3,14,3,1/17/2022,8:38,14:38,M,Uninf,NoAlgae,NoAlgae,A12,12,
3,14,4,1/17/2022,8:38,14:55,M,Metsch,STD,4,A1,1,
3,14,4,1/17/2022,8:38,14:55,M,Metsch,STD,5,A2,2,
3,14,4,1/17/2022,8:38,14:55,M,Metsch,MID,1,A3,3,
3,14,4,1/17/2022,8:38,14:55,M,Metsch,MID,2,A4,4,
3,14,4,1/17/2022,8:38,14:55,M,Metsch,MID,3,A5,5,
3,14,4,1/17/2022,8:38,14:55,M,Metsch,MID,4,A6,6,
3,14,4,1/17/2022,8:38,14:55,M,Metsch,MID,5,A7,7,
3,14,4,1/17/2022,8:38,14:55,M,Metsch,NA,NA,A8,8,
3,14,4,1/17/2022,8:38,14:55,M,Metsch,NA,NA,A9,9,
3,14,4,1/17/2022,8:38,14:55,M,Metsch,NA,NA,A10,10,
3,14,4,1/17/2022,8:38,14:55,M,Metsch,NoDaphnia,NoDaphnia,A11,11,
3,14,4,1/17/2022,8:38,14:55,M,Metsch,NoAlgae,NoAlgae,A12,12,
3,14,5,1/17/2022,8:49,15:02,SM,Uninf,MID,1,A1,1,
3,14,5,1/17/2022,8:49,15:02,SM,Uninf,MID,2,A2,2,
3,14,5,1/17/2022,8:49,15:02,SM,Uninf,MID,3,A3,3,
3,14,5,1/17/2022,8:49,15:02,SM,Uninf,MID,4,A4,4,
3,14,5,1/17/2022,9:25,15:02,SM,Uninf,MID,5,A5,5,started at 9:25 b/c missed initially
3,14,5,1/17/2022,8:49,15:02,SM,Uninf,STD,1,A6,6,
3,14,5,1/17/2022,8:49,15:02,SM,Uninf,STD,2,A7,7,
3,14,5,1/17/2022,8:49,15:02,SM,Uninf,STD,3,A8,8,
3,14,5,1/17/2022,8:49,15:02,SM,Uninf,STD,4,A9,9,
3,14,5,1/17/2022,8:49,15:02,SM,Uninf,STD,5,A10,10,
3,14,5,1/17/2022,8:49,15:02,SM,Uninf,NoDaphnia,NoDaphnia,A11,11,
3,14,5,1/17/2022,8:49,15:02,SM,Uninf,NoAlgae,NoAlgae,A12,12,
3,14,6,1/17/2022,8:49,15:18,SM,Metsch,MID,1,A1,1,
3,14,6,1/17/2022,8:49,15:18,SM,Metsch,MID,2,A2,2,
3,14,6,1/17/2022,8:49,15:18,SM,Metsch,MID,3,A3,3,
3,14,6,1/17/2022,8:49,15:18,SM,Metsch,MID,4,A4,4,
3,14,6,1/17/2022,8:49,15:18,SM,Metsch,MID,5,A5,5,
3,14,6,1/17/2022,8:49,15:18,SM,Metsch,STD,1,A6,6,
3,14,6,1/17/2022,8:49,15:18,SM,Metsch,STD,2,A7,7,
3,14,6,1/17/2022,8:49,15:18,SM,Metsch,STD,3,A8,8,
3,14,6,1/17/2022,8:49,15:18,SM,Metsch,STD,4,A9,9,
3,14,6,1/17/2022,8:49,15:18,SM,Metsch,NA,NA,A10,10,
3,14,6,1/17/2022,8:49,15:18,SM,Metsch,NoDaphnia,NoDaphnia,A11,11,
3,14,6,1/17/2022,8:49,15:18,SM,Metsch,NoAlgae,NoAlgae,A12,12,
3,14,7,1/17/2022,8:57,15:07,M+,Uninf,MID,1,A1,1,"accidentally pipetted onto plate, but recovered"
3,14,7,1/17/2022,8:57,15:07,M+,Uninf,MID,2,A2,2,
3,14,7,1/17/2022,8:57,15:07,M+,Uninf,MID,3,A3,3,
3,14,7,1/17/2022,8:57,15:07,M+,Uninf,MID,4,A4,4,
3,14,7,1/17/2022,8:57,15:07,M+,Uninf,MID,5,A5,5,
3,14,7,1/17/2022,8:57,15:07,M+,Uninf,STD,1,A6,6,
3,14,7,1/17/2022,8:57,15:07,M+,Uninf,STD,2,A7,7,
3,14,7,1/17/2022,8:57,15:07,M+,Uninf,STD,3,A8,8,
3,14,7,1/17/2022,8:57,15:07,M+,Uninf,STD,5,A9,9,
3,14,7,1/17/2022,8:57,15:07,M+,Uninf,NA,NA,A10,10,
3,14,7,1/17/2022,8:57,15:07,M+,Uninf,NoDaphnia,NoDaphnia,A11,11,
3,14,7,1/17/2022,8:57,15:07,M+,Uninf,NoAlgae,NoAlgae,A12,12,
3,14,8,1/17/2022,8:57,15:27,M+,Metsch,MID,2,A1,1,
3,14,8,1/17/2022,8:57,15:27,M+,Metsch,MID,3,A2,2,
3,14,8,1/17/2022,8:57,15:27,M+,Metsch,MID,4,A3,3,
3,14,8,1/17/2022,8:57,15:27,M+,Metsch,MID,5,A4,4,
3,14,8,1/17/2022,8:57,15:27,M+,Metsch,STD,1,A5,5,
3,14,8,1/17/2022,8:57,15:27,M+,Metsch,STD,2,A6,6,
3,14,8,1/17/2022,8:57,15:27,M+,Metsch,STD,3,A7,7,
3,14,8,1/17/2022,8:57,15:27,M+,Metsch,STD,4,A8,8,
3,14,8,1/17/2022,8:57,15:27,M+,Metsch,STD,5,A9,9,
3,14,8,1/17/2022,8:57,15:27,M+,Metsch,NA,NA,A10,10,
3,14,8,1/17/2022,8:57,15:27,M+,Metsch,NoDaphnia,NoDaphnia,A11,11,
3,14,8,1/17/2022,8:57,15:27,M+,Metsch,NoAlgae,NoAlgae,A12,12,
4,15,1,1/18/2022,8:13,14:18,S,Uninf,MID,6,A1,1,
4,15,1,1/18/2022,8:13,14:18,S,Uninf,MID,7,A2,2,
4,15,1,1/18/2022,8:13,14:18,S,Uninf,MID,8,A3,3,
4,15,1,1/18/2022,8:13,14:18,S,Uninf,MID,9,A4,4,
4,15,1,1/18/2022,8:13,14:18,S,Uninf,MID,10,A5,5,
4,15,1,1/18/2022,8:13,14:18,S,Uninf,STD,6,A6,6,
4,15,1,1/18/2022,8:13,14:18,S,Uninf,STD,8,A7,7,
4,15,1,1/18/2022,8:13,14:18,S,Uninf,STD,9,A8,8,
4,15,1,1/18/2022,8:13,14:18,S,Uninf,STD,10,A9,9,
4,15,1,1/18/2022,8:13,14:18,S,Uninf,NA,NA,A10,10,
4,15,1,1/18/2022,8:13,14:18,S,Uninf,NoDaphnia,NoDaphnia,A11,11,
4,15,1,1/18/2022,8:13,14:18,S,Uninf,NoAlgae,NoAlgae,A12,12,
4,15,2,1/18/2022,8:13,14:19,M,Uninf,MID,6,A1,1,
4,15,2,1/18/2022,8:13,14:19,M,Uninf,MID,7,A2,2,
4,15,2,1/18/2022,8:13,14:19,M,Uninf,MID,8,A3,3,
4,15,2,1/18/2022,8:13,14:19,M,Uninf,MID,10,A4,4,
4,15,2,1/18/2022,8:13,14:19,M,Uninf,STD,6,A5,5,
4,15,2,1/18/2022,8:13,14:19,M,Uninf,STD,7,A6,6,
4,15,2,1/18/2022,8:13,14:19,M,Uninf,STD,8,A7,7,
4,15,2,1/18/2022,8:13,14:19,M,Uninf,STD,9,A8,8,
4,15,2,1/18/2022,8:13,14:19,M,Uninf,STD,10,A9,9,
4,15,2,1/18/2022,8:13,14:19,M,Uninf,NA,NA,A10,10,
4,15,2,1/18/2022,8:13,14:19,M,Uninf,NoDaphnia,NoDaphnia,A11,11,
4,15,2,1/18/2022,8:13,14:19,M,Uninf,NoAlgae,NoAlgae,A12,12,
4,15,3,1/18/2022,8:13,14:28,S,Metsch,MID,6,A1,1,
4,15,3,1/18/2022,8:13,14:28,S,Metsch,MID,7,A2,2,
4,15,3,1/18/2022,8:13,14:28,S,Metsch,MID,8,A3,3,
4,15,3,1/18/2022,8:13,14:28,S,Metsch,MID,10,A4,4,
4,15,3,1/18/2022,8:13,14:28,S,Metsch,STD,6,A5,5,
4,15,3,1/18/2022,8:13,14:28,S,Metsch,STD,7,A6,6,
4,15,3,1/18/2022,8:13,14:28,S,Metsch,STD,8,A7,7,
4,15,3,1/18/2022,8:13,14:28,S,Metsch,NA,NA,A8,8,
4,15,3,1/18/2022,8:13,14:28,S,Metsch,STD,9,A9,9,
4,15,3,1/18/2022,8:13,14:28,S,Metsch,STD,10,A10,10,
4,15,3,1/18/2022,8:13,14:28,S,Metsch,NoDaphnia,NoDaphnia,A11,11,
4,15,3,1/18/2022,8:13,14:28,S,Metsch,NoAlgae,NoAlgae,A12,12,
4,15,4,1/18/2022,8:13,14:31,M,Metsch,MID,7,A1,1,
4,15,4,1/18/2022,8:13,14:31,M,Metsch,MID,9,A2,2,
4,15,4,1/18/2022,8:13,14:31,M,Metsch,STD,6,A3,3,
4,15,4,1/18/2022,8:13,14:31,M,Metsch,NA,NA,A4,4,
4,15,4,1/18/2022,8:13,14:31,M,Metsch,NA,NA,A5,5,
4,15,4,1/18/2022,8:13,14:31,M,Metsch,NA,NA,A6,6,
4,15,4,1/18/2022,8:13,14:31,M,Metsch,NA,NA,A7,7,
4,15,4,1/18/2022,8:13,14:31,M,Metsch,NA,NA,A8,8,
4,15,4,1/18/2022,8:13,14:31,M,Metsch,NA,NA,A9,9,
4,15,4,1/18/2022,8:13,14:31,M,Metsch,NA,NA,A10,10,
4,15,4,1/18/2022,8:13,14:31,M,Metsch,NoDaphnia,NoDaphnia,A11,11,
4,15,4,1/18/2022,8:13,14:31,M,Metsch,NoAlgae,NoAlgae,A12,12,
4,15,5,1/18/2022,8:23,14:37,SM,Uninf,MID,6,A1,1,
4,15,5,1/18/2022,8:23,14:37,SM,Uninf,MID,8,A2,2,
4,15,5,1/18/2022,8:23,14:37,SM,Uninf,MID,9,A3,3,
4,15,5,1/18/2022,8:23,14:37,SM,Uninf,MID,10,A4,4,
4,15,5,1/18/2022,8:23,14:37,SM,Uninf,STD,6,A5,5,
4,15,5,1/18/2022,8:23,14:37,SM,Uninf,STD,7,A6,6,
4,15,5,1/18/2022,8:23,14:37,SM,Uninf,STD,8,A7,7,
4,15,5,1/18/2022,8:23,14:37,SM,Uninf,STD,9,A8,8,
4,15,5,1/18/2022,8:23,14:37,SM,Uninf,STD,10,A9,9,
4,15,5,1/18/2022,8:23,14:37,SM,Uninf,NA,NA,A10,10,
4,15,5,1/18/2022,8:23,14:37,SM,Uninf,NoDaphnia,NoDaphnia,A11,11,
4,15,5,1/18/2022,8:23,14:37,SM,Uninf,NoAlgae,NoAlgae,A12,12,
4,15,6,1/18/2022,8:23,14:46,SM,Metsch,MID,6,A1,1,
4,15,6,1/18/2022,8:23,14:46,SM,Metsch,MID,7,A2,2,
4,15,6,1/18/2022,8:23,14:46,SM,Metsch,STD,6,A3,3,
4,15,6,1/18/2022,8:23,14:46,SM,Metsch,STD,7,A4,4,
4,15,6,1/18/2022,8:23,14:46,SM,Metsch,STD,9,A5,5,
4,15,6,1/18/2022,8:23,14:46,SM,Metsch,STD,10,A6,6,
4,15,6,1/18/2022,8:23,14:46,SM,Metsch,NA,NA,A7,7,
4,15,6,1/18/2022,8:23,14:46,SM,Metsch,NA,NA,A8,8,
4,15,6,1/18/2022,8:23,14:46,SM,Metsch,NA,NA,A9,9,
4,15,6,1/18/2022,8:23,14:46,SM,Metsch,NA,NA,A10,10,
4,15,6,1/18/2022,8:23,14:46,SM,Metsch,NoDaphnia,NoDaphnia,A11,11,
4,15,6,1/18/2022,8:23,14:46,SM,Metsch,NoAlgae,NoAlgae,A12,12,
4,15,7,1/18/2022,8:29,14:37,M+,Uninf,MID,6,A1,1,
4,15,7,1/18/2022,8:29,14:37,M+,Uninf,MID,7,A2,2,
4,15,7,1/18/2022,8:29,14:37,M+,Uninf,MID,8,A3,3,
4,15,7,1/18/2022,8:29,14:37,M+,Uninf,MID,9,A4,4,
4,15,7,1/18/2022,8:29,14:37,M+,Uninf,MID,10,A5,5,
4,15,7,1/18/2022,8:29,14:37,M+,Uninf,STD,6,A6,6,
4,15,7,1/18/2022,8:29,14:37,M+,Uninf,STD,7,A7,7,
4,15,7,1/18/2022,8:29,14:37,M+,Uninf,STD,8,A8,8,
4,15,7,1/18/2022,8:29,14:37,M+,Uninf,STD,9,A9,9,
4,15,7,1/18/2022,8:29,14:37,M+,Uninf,STD,10,A10,10,
4,15,7,1/18/2022,8:29,14:37,M+,Uninf,NoDaphnia,NoDaphnia,A11,11,
4,15,7,1/18/2022,8:29,14:37,M+,Uninf,NoAlgae,NoAlgae,A12,12,
4,15,8,1/18/2022,8:29,14:49,M+,Metsch,MID,6,A1,1,
4,15,8,1/18/2022,8:29,14:49,M+,Metsch,MID,7,A2,2,
4,15,8,1/18/2022,8:29,14:49,M+,Metsch,MID,8,A3,3,
4,15,8,1/18/2022,8:29,14:49,M+,Metsch,MID,10,A4,4,
4,15,8,1/18/2022,8:29,14:49,M+,Metsch,STD,6,A5,5,
4,15,8,1/18/2022,8:29,14:49,M+,Metsch,STD,7,A6,6,
4,15,8,1/18/2022,8:29,14:49,M+,Metsch,STD,8,A7,7,
4,15,8,1/18/2022,8:29,14:49,M+,Metsch,STD,9,A8,8,
4,15,8,1/18/2022,8:29,14:49,M+,Metsch,STD,10,A9,9,
4,15,8,1/18/2022,8:29,14:49,M+,Metsch,NA,NA,A10,10,
4,15,8,1/18/2022,8:29,14:49,M+,Metsch,NoDaphnia,NoDaphnia,A11,11,
4,15,8,1/18/2022,8:29,14:49,M+,Metsch,NoAlgae,NoAlgae,A12,12,
3,21,1,1/24/2022,8:33,14:35,S,Uninf,MID,1,A1,1,
3,21,1,1/24/2022,8:33,14:35,S,Uninf,MID,2,A2,2,
3,21,1,1/24/2022,8:33,14:35,S,Uninf,MID,3,A3,3,
3,21,1,1/24/2022,8:33,14:35,S,Uninf,MID,5,A4,4,
3,21,1,1/24/2022,8:33,14:35,S,Uninf,STD,1,A5,5,
3,21,1,1/24/2022,8:33,14:35,S,Uninf,STD,2,A6,6,
3,21,1,1/24/2022,8:33,14:35,S,Uninf,STD,3,A7,7,
3,21,1,1/24/2022,8:33,14:35,S,Uninf,STD,4,A8,8,
3,21,1,1/24/2022,8:33,14:35,S,Metsch,MID,2,A9,9,
3,21,1,1/24/2022,8:33,14:35,S,Metsch,NA,NA,A10,10,
3,21,1,1/24/2022,8:33,14:35,S,Both,NoDaphnia,NoDaphnia,A11,11,
3,21,1,1/24/2022,8:33,14:35,S,Both,NoAlgae,NoAlgae,A12,12,
3,21,2,1/24/2022,8:33,14:35,M,Uninf,MID,1,A1,1,
3,21,2,1/24/2022,8:33,14:35,M,Uninf,MID,2,A2,2,
3,21,2,1/24/2022,8:33,14:35,M,Uninf,MID,3,A3,3,
3,21,2,1/24/2022,8:33,14:35,M,Uninf,MID,5,A4,4,
3,21,2,1/24/2022,8:33,14:35,M,Uninf,STD,1,A5,5,
3,21,2,1/24/2022,8:33,14:35,M,Uninf,STD,2,A6,6,
3,21,2,1/24/2022,8:33,14:35,M,Uninf,STD,3,A7,7,
3,21,2,1/24/2022,8:33,14:35,M,Uninf,STD,4,A8,8,
3,21,2,1/24/2022,8:33,14:35,M,Uninf,STD,5,A9,9,
3,21,2,1/24/2022,8:33,14:35,M,Uninf,NA,NA,A10,10,
3,21,2,1/24/2022,8:33,14:35,M,Uninf,NoDaphnia,NoDaphnia,A11,11,
3,21,2,1/24/2022,8:33,14:35,M,Uninf,NoAlgae,NoAlgae,A12,12,
3,21,3,1/24/2022,8:33,14:44,M,Metsch,MID,2,A1,1,
3,21,3,1/24/2022,8:33,14:44,M,Metsch,MID,3,A2,2,
3,21,3,1/24/2022,8:33,14:44,M,Metsch,MID,5,A3,3,
3,21,3,1/24/2022,8:33,14:44,M,Metsch,STD,4,A4,4,
3,21,3,1/24/2022,8:33,14:44,M,Metsch,STD,5,A5,5,
3,21,3,1/24/2022,8:33,14:44,M,Metsch,NA,NA,A6,6,
3,21,3,1/24/2022,8:33,14:44,M,Metsch,NA,NA,A7,7,
3,21,3,1/24/2022,8:33,14:44,M,Metsch,NA,NA,A8,8,
3,21,3,1/24/2022,8:33,14:44,M,Metsch,NA,NA,A9,9,
3,21,3,1/24/2022,8:33,14:44,M,Metsch,NA,NA,A10,10,
3,21,3,1/24/2022,8:33,14:44,M,Metsch,NoDaphnia,NoDaphnia,A11,11,
3,21,3,1/24/2022,8:33,14:44,M,Metsch,NoAlgae,NoAlgae,A12,12,
3,21,4,1/24/2022,8:47,14:47,SM,Uninf,MID,1,A1,1,
3,21,4,1/24/2022,8:47,14:47,SM,Uninf,MID,2,A2,2,
3,21,4,1/24/2022,8:47,14:47,SM,Uninf,MID,3,A3,3,
3,21,4,1/24/2022,8:47,14:47,SM,Uninf,MID,4,A4,4,
3,21,4,1/24/2022,8:47,14:47,SM,Uninf,MID,5,A5,5,
3,21,4,1/24/2022,8:47,14:47,SM,Uninf,STD,1,A6,6,
3,21,4,1/24/2022,8:47,14:47,SM,Uninf,STD,2,A7,7,
3,21,4,1/24/2022,8:47,14:47,SM,Uninf,STD,3,A8,8,
3,21,4,1/24/2022,8:47,14:47,SM,Uninf,STD,4,A9,9,
3,21,4,1/24/2022,8:47,14:47,SM,Uninf,STD,5,A10,10,
3,21,4,1/24/2022,8:47,14:47,SM,Uninf,NoDaphnia,NoDaphnia,A11,11,
3,21,4,1/24/2022,8:47,14:47,SM,Uninf,NoAlgae,NoAlgae,A12,12,
3,21,5,1/24/2022,8:47,14:58,SM,Metsch,MID,1,A1,1,end time estimated based on first plate
3,21,5,1/24/2022,8:47,14:58,SM,Metsch,MID,3,A2,2,end time estimated based on first plate
3,21,5,1/24/2022,8:47,14:58,SM,Metsch,MID,4,A3,3,end time estimated based on first plate
3,21,5,1/24/2022,8:47,14:58,SM,Metsch,MID,5,A4,4,end time estimated based on first plate
3,21,5,1/24/2022,8:47,14:58,SM,Metsch,STD,1,A5,5,end time estimated based on first plate
3,21,5,1/24/2022,8:47,14:58,SM,Metsch,STD,2,A6,6,end time estimated based on first plate
3,21,5,1/24/2022,8:47,14:58,SM,Metsch,STD,3,A7,7,end time estimated based on first plate
3,21,5,1/24/2022,8:47,14:58,SM,Metsch,STD,4,A8,8,end time estimated based on first plate
3,21,5,1/24/2022,8:47,14:58,SM,Metsch,NA,NA,A9,9,end time estimated based on first plate
3,21,5,1/24/2022,8:47,14:58,SM,Metsch,NA,NA,A10,10,end time estimated based on first plate
3,21,5,1/24/2022,8:47,14:58,SM,Metsch,NoDaphnia,NoDaphnia,A11,11,end time estimated based on first plate
3,21,5,1/24/2022,8:47,14:58,SM,Metsch,NoAlgae,NoAlgae,A12,12,end time estimated based on first plate
3,21,6,1/24/2022,8:46,14:52,M+,Uninf,MID,1,A1,1,
3,21,6,1/24/2022,8:46,14:52,M+,Uninf,MID,2,A2,2,
3,21,6,1/24/2022,8:46,14:52,M+,Uninf,MID,3,A3,3,
3,21,6,1/24/2022,8:46,14:52,M+,Uninf,MID,4,A4,4,
3,21,6,1/24/2022,8:46,14:52,M+,Uninf,MID,5,A5,5,
3,21,6,1/24/2022,8:46,14:52,M+,Uninf,STD,1,A6,6,
3,21,6,1/24/2022,8:46,14:52,M+,Uninf,STD,2,A7,7,
3,21,6,1/24/2022,8:46,14:52,M+,Uninf,STD,3,A8,8,
3,21,6,1/24/2022,8:46,14:52,M+,Uninf,STD,5,A9,9,
3,21,6,1/24/2022,8:46,14:52,M+,Uninf,NA,NA,A10,10,
3,21,6,1/24/2022,8:46,14:52,M+,Uninf,NoDaphnia,NoDaphnia,A11,11,
3,21,6,1/24/2022,8:46,14:52,M+,Uninf,NoAlgae,NoAlgae,A12,12,
3,21,7,1/24/2022,8:46,15:00,M+,Metsch,MID,2,A1,1,
3,21,7,1/24/2022,8:46,15:00,M+,Metsch,MID,3,A2,2,
3,21,7,1/24/2022,8:46,15:00,M+,Metsch,MID,4,A3,3,
3,21,7,1/24/2022,8:46,15:00,M+,Metsch,MID,5,A4,4,
3,21,7,1/24/2022,8:46,15:00,M+,Metsch,STD,1,A5,5,
3,21,7,1/24/2022,8:46,15:00,M+,Metsch,STD,2,A6,6,
3,21,7,1/24/2022,8:46,15:00,M+,Metsch,STD,4,A7,7,
3,21,7,1/24/2022,8:46,15:00,M+,Metsch,STD,5,A8,8,
3,21,7,1/24/2022,8:46,15:00,M+,Metsch,NA,NA,A9,9,
3,21,7,1/24/2022,8:46,15:00,M+,Metsch,NA,NA,A10,10,
3,21,7,1/24/2022,8:46,15:00,M+,Metsch,NoDaphnia,NoDaphnia,A11,11,
3,21,7,1/24/2022,8:46,15:00,M+,Metsch,NoAlgae,NoAlgae,A12,12,
4,22,1,1/25/2022,8:28,14:31,M,Uninf,MID,6,A1,1,
4,22,1,1/25/2022,8:28,14:31,M,Uninf,MID,7,A2,2,
4,22,1,1/25/2022,8:28,14:31,M,Uninf,MID,8,A3,3,
4,22,1,1/25/2022,8:28,14:31,M,Uninf,MID,10,A4,4,
4,22,1,1/25/2022,8:28,14:31,M,Uninf,STD,6,A5,5,
4,22,1,1/25/2022,8:28,14:31,M,Uninf,STD,7,A6,6,
4,22,1,1/25/2022,8:28,14:31,M,Uninf,STD,8,A7,7,
4,22,1,1/25/2022,8:28,14:31,M,Uninf,STD,9,A8,8,
4,22,1,1/25/2022,8:28,14:31,M,Uninf,STD,10,A9,9,
4,22,1,1/25/2022,8:28,14:31,M,Uninf,NA,NA,A10,10,
4,22,1,1/25/2022,8:28,14:31,M,Uninf,NoDaphnia,NoDaphnia,A11,11,
4,22,1,1/25/2022,8:28,14:31,M,Uninf,NoAlgae,NoAlgae,A12,12,
4,22,2,1/25/2022,8:28,14:39,M,Metsch,MID,7,A1,1,
4,22,2,1/25/2022,8:28,14:39,M,Metsch,MID,9,A2,2,
4,22,2,1/25/2022,8:28,14:39,M,Metsch,STD,6,A3,3,
4,22,2,1/25/2022,8:28,14:39,M,Metsch,NA,NA,A4,4,
4,22,2,1/25/2022,8:28,14:39,M,Metsch,NA,NA,A5,5,
4,22,2,1/25/2022,8:28,14:39,M,Metsch,NA,NA,A6,6,
4,22,2,1/25/2022,8:28,14:39,M,Metsch,NA,NA,A7,7,
4,22,2,1/25/2022,8:28,14:39,M,Metsch,NA,NA,A8,8,
4,22,2,1/25/2022,8:28,14:39,M,Metsch,NA,NA,A9,9,
4,22,2,1/25/2022,8:28,14:39,M,Metsch,NA,NA,A10,10,
4,22,2,1/25/2022,8:28,14:39,M,Metsch,NoDaphnia,NoDaphnia,A11,11,
4,22,2,1/25/2022,8:28,14:39,M,Metsch,NoAlgae,NoAlgae,A12,12,
4,22,3,1/25/2022,8:23,14:32,S,Uninf,MID,6,A1,1,
4,22,3,1/25/2022,8:23,14:32,S,Uninf,MID,7,A2,2,
4,22,3,1/25/2022,8:23,14:32,S,Uninf,MID,8,A3,3,
4,22,3,1/25/2022,8:23,14:32,S,Uninf,MID,9,A4,4,
4,22,3,1/25/2022,8:23,14:32,S,Uninf,MID,10,A5,5,
4,22,3,1/25/2022,8:23,14:32,S,Uninf,STD,6,A6,6,
4,22,3,1/25/2022,8:23,14:32,S,Uninf,STD,8,A7,7,
4,22,3,1/25/2022,8:23,14:32,S,Uninf,STD,9,A8,8,
4,22,3,1/25/2022,8:23,14:32,S,Metsch,MID,6,A9,9,
4,22,3,1/25/2022,8:23,14:32,S,Metsch,MID,10,A10,10,
4,22,3,1/25/2022,8:23,14:32,S,Both,NoDaphnia,NoDaphnia,A11,11,
4,22,3,1/25/2022,8:23,14:32,S,Both,NoAlgae,NoAlgae,A12,12,
4,22,4,1/25/2022,8:35,14:43,SM,Uninf,MID,6,A1,1,
4,22,4,1/25/2022,8:35,14:43,SM,Uninf,MID,8,A2,2,
4,22,4,1/25/2022,8:35,14:43,SM,Uninf,MID,9,A3,3,
4,22,4,1/25/2022,8:35,14:43,SM,Uninf,MID,10,A4,4,
4,22,4,1/25/2022,8:35,14:43,SM,Uninf,NA,NA,A5,5,
4,22,4,1/25/2022,8:35,14:43,SM,Uninf,STD,6,A6,6,
4,22,4,1/25/2022,8:35,14:43,SM,Uninf,STD,7,A7,7,
4,22,4,1/25/2022,8:35,14:43,SM,Uninf,STD,8,A8,8,
4,22,4,1/25/2022,8:35,14:43,SM,Uninf,STD,9,A9,9,
4,22,4,1/25/2022,8:35,14:43,SM,Uninf,STD,10,A10,10,
4,22,4,1/25/2022,8:35,14:43,SM,Uninf,NoDaphnia,NoDaphnia,A11,11,
4,22,4,1/25/2022,8:35,14:43,SM,Uninf,NoAlgae,NoAlgae,A12,12,
4,22,5,1/25/2022,8:35,14:54,SM,Metsch,MID,6,A1,1,
4,22,5,1/25/2022,8:35,14:54,SM,Metsch,STD,6,A2,2,
4,22,5,1/25/2022,8:35,14:54,SM,Metsch,STD,7,A3,3,
4,22,5,1/25/2022,8:35,14:54,SM,Metsch,STD,9,A4,4,
4,22,5,1/25/2022,8:35,14:54,SM,Metsch,NA,NA,A5,5,
4,22,5,1/25/2022,8:35,14:54,SM,Metsch,NA,NA,A6,6,
4,22,5,1/25/2022,8:35,14:54,SM,Metsch,NA,NA,A7,7,
4,22,5,1/25/2022,8:35,14:54,SM,Metsch,NA,NA,A8,8,
4,22,5,1/25/2022,8:35,14:54,SM,Metsch,NA,NA,A9,9,
4,22,5,1/25/2022,8:35,14:54,SM,Metsch,NA,NA,A10,10,
4,22,5,1/25/2022,8:35,14:54,SM,Metsch,NoDaphnia,NoDaphnia,A11,11,
4,22,5,1/25/2022,8:35,14:54,SM,Metsch,NoAlgae,NoAlgae,A12,12,
4,22,6,1/25/2022,8:41,14:44,M+,Uninf,MID,6,A1,1,
4,22,6,1/25/2022,8:41,14:44,M+,Uninf,MID,7,A2,2,
4,22,6,1/25/2022,8:41,14:44,M+,Uninf,MID,8,A3,3,
4,22,6,1/25/2022,8:41,14:44,M+,Uninf,MID,9,A4,4,
4,22,6,1/25/2022,8:41,14:44,M+,Uninf,MID,10,A5,5,
4,22,6,1/25/2022,8:41,14:44,M+,Uninf,STD,6,A6,6,
4,22,6,1/25/2022,8:41,14:44,M+,Uninf,STD,7,A7,7,
4,22,6,1/25/2022,8:41,14:44,M+,Uninf,STD,8,A8,8,
4,22,6,1/25/2022,8:41,14:44,M+,Uninf,STD,9,A9,9,
4,22,6,1/25/2022,8:41,14:44,M+,Uninf,STD,10,A10,10,
4,22,6,1/25/2022,8:41,14:44,M+,Uninf,NoDaphnia,NoDaphnia,A11,11,
4,22,6,1/25/2022,8:41,14:44,M+,Uninf,NoAlgae,NoAlgae,A12,12,
4,22,7,1/25/2022,8:41,14:52,M+,Metsch,MID,6,A1,1,
4,22,7,1/25/2022,8:41,14:52,M+,Metsch,MID,7,A2,2,
4,22,7,1/25/2022,8:41,14:52,M+,Metsch,MID,8,A3,3,
4,22,7,1/25/2022,8:41,14:52,M+,Metsch,MID,10,A4,4,
4,22,7,1/25/2022,8:41,14:52,M+,Metsch,STD,6,A5,5,
4,22,7,1/25/2022,8:41,14:52,M+,Metsch,STD,7,A6,6,
4,22,7,1/25/2022,8:41,14:52,M+,Metsch,STD,9,A7,7,
4,22,7,1/25/2022,8:41,14:52,M+,Metsch,NA,NA,A8,8,
4,22,7,1/25/2022,8:41,14:52,M+,Metsch,NA,NA,A9,9,
4,22,7,1/25/2022,8:41,14:52,M+,Metsch,NA,NA,A10,10,
4,22,7,1/25/2022,8:41,14:52,M+,Metsch,NoDaphnia,NoDaphnia,A11,11,
4,22,7,1/25/2022,8:41,14:52,M+,Metsch,NoAlgae,NoAlgae,A12,12,
