Unique.code,Diet,Parasites,Clone,Rep,Block,Week,Infection,InfectionStatus,lifespan.days,WeeklyOffspring,CumulativeWeeklyOffspring,WeeklyLength,Clearance,Clearance_rel,metabolic.rate
M Met MID 1,M,Metsch,Mid37,1,3,1,Exposed,0,20,0,0,878.57,0.0544331653598755,0.0705197640705354,0.00102184889689948
M Met MID 1,M,Metsch,Mid37,1,3,2,Exposed,0,20,0,0,1040.64,-0.0392985876769834,-0.0362890761785955,NA
M Met MID 1,M,Metsch,Mid37,1,3,3,Exposed,0,20,0,0,NA,NA,NA,NA
M Met MID 1,M,Metsch,Mid37,1,3,3.5,Exposed,0,20,0,0,NA,NA,NA,NA
M Met MID 10,M,Metsch,Mid37,10,4,1,Exposed,NA,7,0,0,NA,NA,NA,NA
M Met MID 10,M,Metsch,Mid37,10,4,2,Exposed,NA,7,0,0,NA,NA,NA,NA
M Met MID 10,M,Metsch,Mid37,10,4,3,Exposed,NA,7,0,0,NA,NA,NA,NA
M Met MID 10,M,Metsch,Mid37,10,4,3.5,Exposed,NA,7,0,0,NA,NA,NA,NA
M Met MID 11,M,Metsch,Mid37,11,5,1,Exposed,NA,9,0,0,NA,NA,NA,NA
M Met MID 11,M,Metsch,Mid37,11,5,2,Exposed,NA,9,0,0,NA,NA,NA,NA
M Met MID 11,M,Metsch,Mid37,11,5,3,Exposed,NA,9,0,0,NA,NA,NA,NA
M Met MID 11,M,Metsch,Mid37,11,5,3.5,Exposed,NA,9,0,0,NA,NA,NA,NA
M Met MID 12,M,Metsch,Mid37,12,5,1,Exposed,0,23,0,0,NA,NA,NA,NA
M Met MID 12,M,Metsch,Mid37,12,5,2,Exposed,0,23,0,0,NA,NA,NA,NA
M Met MID 12,M,Metsch,Mid37,12,5,3,Exposed,0,23,1,1,NA,NA,NA,NA
M Met MID 12,M,Metsch,Mid37,12,5,3.5,Exposed,0,23,5,6,NA,NA,NA,NA
M Met MID 13,M,Metsch,Mid37,13,5,1,Exposed,NA,11,0,0,NA,NA,NA,NA
M Met MID 13,M,Metsch,Mid37,13,5,2,Exposed,NA,11,0,0,NA,NA,NA,NA
M Met MID 13,M,Metsch,Mid37,13,5,3,Exposed,NA,11,0,0,NA,NA,NA,NA
M Met MID 13,M,Metsch,Mid37,13,5,3.5,Exposed,NA,11,0,0,NA,NA,NA,NA
M Met MID 14,M,Metsch,Mid37,14,5,1,Exposed,0,23,0,0,NA,NA,NA,NA
M Met MID 14,M,Metsch,Mid37,14,5,2,Exposed,0,23,0,0,NA,NA,NA,NA
M Met MID 14,M,Metsch,Mid37,14,5,3,Exposed,0,23,1,1,NA,NA,NA,NA
M Met MID 14,M,Metsch,Mid37,14,5,3.5,Exposed,0,23,5,6,NA,NA,NA,NA
M Met MID 15,M,Metsch,Mid37,15,5,1,Exposed,NA,11,0,0,NA,NA,NA,NA
M Met MID 15,M,Metsch,Mid37,15,5,2,Exposed,NA,11,0,0,NA,NA,NA,NA
M Met MID 15,M,Metsch,Mid37,15,5,3,Exposed,NA,11,0,0,NA,NA,NA,NA
M Met MID 15,M,Metsch,Mid37,15,5,3.5,Exposed,NA,11,0,0,NA,NA,NA,NA
M Met MID 16,M,Metsch,Mid37,16,5,1,Exposed,0,23,0,0,NA,NA,NA,NA
M Met MID 16,M,Metsch,Mid37,16,5,2,Exposed,0,23,0,0,NA,NA,NA,NA
M Met MID 16,M,Metsch,Mid37,16,5,3,Exposed,0,23,1,1,NA,NA,NA,NA
M Met MID 16,M,Metsch,Mid37,16,5,3.5,Exposed,0,23,2,3,NA,NA,NA,NA
M Met MID 17,M,Metsch,Mid37,17,5,1,Exposed,0,23,0,0,NA,NA,NA,NA
M Met MID 17,M,Metsch,Mid37,17,5,2,Exposed,0,23,0,0,NA,NA,NA,NA
M Met MID 17,M,Metsch,Mid37,17,5,3,Exposed,0,23,0,0,NA,NA,NA,NA
M Met MID 17,M,Metsch,Mid37,17,5,3.5,Exposed,0,23,7,7,NA,NA,NA,NA
M Met MID 18,M,Metsch,Mid37,18,5,1,Exposed,0,23,0,0,NA,NA,NA,NA
M Met MID 18,M,Metsch,Mid37,18,5,2,Exposed,0,23,0,0,NA,NA,NA,NA
M Met MID 18,M,Metsch,Mid37,18,5,3,Exposed,0,23,0,0,NA,NA,NA,NA
M Met MID 18,M,Metsch,Mid37,18,5,3.5,Exposed,0,23,5,5,NA,NA,NA,NA
M Met MID 19,M,Metsch,Mid37,19,5,1,Exposed,0,23,0,0,NA,NA,NA,NA
M Met MID 19,M,Metsch,Mid37,19,5,2,Exposed,0,23,0,0,NA,NA,NA,NA
M Met MID 19,M,Metsch,Mid37,19,5,3,Exposed,0,23,1,1,NA,NA,NA,NA
M Met MID 19,M,Metsch,Mid37,19,5,3.5,Exposed,0,23,6,7,NA,NA,NA,NA
M Met MID 2,M,Metsch,Mid37,2,3,1,Exposed,0,23,0,0,834.78,0.31739694919731,0.455468846364908,0.000759645570098568
M Met MID 2,M,Metsch,Mid37,2,3,2,Exposed,0,23,0,0,968.71,-0.187453107145438,-0.19975841229682,NA
M Met MID 2,M,Metsch,Mid37,2,3,3,Exposed,0,23,0,0,1214.73,0.933274947666617,0.632484800647719,-0.000733273508375162
M Met MID 2,M,Metsch,Mid37,2,3,3.5,Exposed,0,23,3,3,1273.81,NA,NA,NA
M Met MID 20,M,Metsch,Mid37,20,5,1,Exposed,0,23,0,0,NA,NA,NA,NA
M Met MID 20,M,Metsch,Mid37,20,5,2,Exposed,0,23,0,0,NA,NA,NA,NA
M Met MID 20,M,Metsch,Mid37,20,5,3,Exposed,0,23,0,0,NA,NA,NA,NA
M Met MID 20,M,Metsch,Mid37,20,5,3.5,Exposed,0,23,5,5,NA,NA,NA,NA
M Met MID 3,M,Metsch,Mid37,3,3,1,Exposed,0,23,0,0,NA,NA,NA,-0.000118264328503207
M Met MID 3,M,Metsch,Mid37,3,3,2,Exposed,0,23,0,0,1051.8,-0.01977058885712,-0.0178711817573228,NA
M Met MID 3,M,Metsch,Mid37,3,3,3,Exposed,0,23,4,4,1270.21,0.745253697883551,0.461905448042368,0.00224627396822432
M Met MID 3,M,Metsch,Mid37,3,3,3.5,Exposed,0,23,2,6,1367.79,NA,NA,NA
M Met MID 4,M,Metsch,Mid37,4,3,1,Exposed,0,19,0,0,873.11,0.0730438454116659,0.0958176916328034,0.00230466060773771
M Met MID 4,M,Metsch,Mid37,4,3,2,Exposed,0,19,0,0,1079.87,0.189941789335649,0.162883679972781,NA
M Met MID 4,M,Metsch,Mid37,4,3,3,Exposed,0,19,0,0,NA,NA,NA,NA
M Met MID 4,M,Metsch,Mid37,4,3,3.5,Exposed,0,19,0,0,NA,NA,NA,NA
M Met MID 5,M,Metsch,Mid37,5,3,1,Exposed,0,23,0,0,883.3,-0.0695222622373234,-0.0891060997476277,0.00167610751310256
M Met MID 5,M,Metsch,Mid37,5,3,2,Exposed,0,23,0,0,1061.37,-0.169670665875212,-0.150616707029919,NA
M Met MID 5,M,Metsch,Mid37,5,3,3,Exposed,0,23,0,0,1186.11,0.649530455742855,0.461689060858027,0.00239166018276129
M Met MID 5,M,Metsch,Mid37,5,3,3.5,Exposed,0,23,0,0,1206.53,NA,NA,NA
M Met MID 6,M,Metsch,Mid37,6,4,1,Exposed,NA,7,0,0,895.6,NA,NA,NA
M Met MID 6,M,Metsch,Mid37,6,4,2,Exposed,NA,7,0,0,NA,NA,NA,NA
M Met MID 6,M,Metsch,Mid37,6,4,3,Exposed,NA,7,0,0,NA,NA,NA,NA
M Met MID 6,M,Metsch,Mid37,6,4,3.5,Exposed,NA,7,0,0,NA,NA,NA,NA
M Met MID 7,M,Metsch,Mid37,7,4,1,Exposed,0,23,0,0,941.82,0.194041620990903,0.218755548213284,0.00153838598487452
M Met MID 7,M,Metsch,Mid37,7,4,2,Exposed,0,23,0,0,1042.05,-0.0225152936380263,-0.020734830973215,0.00179356207029365
M Met MID 7,M,Metsch,Mid37,7,4,3,Exposed,0,23,0,0,1258.63,0.0184830660220313,0.0116675012626969,0.00203241703074747
M Met MID 7,M,Metsch,Mid37,7,4,3.5,Exposed,0,23,2,2,1247.43,NA,NA,NA
M Met MID 8,M,Metsch,Mid37,8,4,1,Exposed,NA,12,0,0,825.52,0.148847700723475,0.218417248359022,0.000477510377056835
M Met MID 8,M,Metsch,Mid37,8,4,2,Exposed,NA,12,0,0,NA,NA,NA,NA
M Met MID 8,M,Metsch,Mid37,8,4,3,Exposed,NA,12,0,0,NA,NA,NA,NA
M Met MID 8,M,Metsch,Mid37,8,4,3.5,Exposed,NA,12,0,0,NA,NA,NA,NA
M Met MID 9,M,Metsch,Mid37,9,4,1,Exposed,0,23,0,0,949.7,0.126719376447001,0.140498002951649,0.00295287264506792
M Met MID 9,M,Metsch,Mid37,9,4,2,Exposed,0,23,0,0,1073.5,-0.251149214626816,-0.217935373370553,0.00469447785669135
M Met MID 9,M,Metsch,Mid37,9,4,3,Exposed,0,23,0,0,1312.25,0.0752345266332502,0.0436901997111572,0.00119249791961128
M Met MID 9,M,Metsch,Mid37,9,4,3.5,Exposed,0,23,1,1,1315.7,NA,NA,NA
M Met STD 1,M,Metsch,Standard,1,3,1,Exposed,NA,11,0,0,1023.59,-0.0176972489305013,-0.0168909350122893,0.00372027406877628
M Met STD 1,M,Metsch,Standard,1,3,2,Exposed,NA,11,0,0,NA,NA,NA,NA
M Met STD 1,M,Metsch,Standard,1,3,3,Exposed,NA,11,0,0,NA,NA,NA,NA
M Met STD 1,M,Metsch,Standard,1,3,3.5,Exposed,NA,11,0,0,NA,NA,NA,NA
M Met STD 10,M,Metsch,Standard,10,4,1,Exposed,NA,7,0,0,NA,NA,NA,NA
M Met STD 10,M,Metsch,Standard,10,4,2,Exposed,NA,7,0,0,NA,NA,NA,NA
M Met STD 10,M,Metsch,Standard,10,4,3,Exposed,NA,7,0,0,NA,NA,NA,NA
M Met STD 10,M,Metsch,Standard,10,4,3.5,Exposed,NA,7,0,0,NA,NA,NA,NA
M Met STD 11,M,Metsch,Standard,11,5,1,Exposed,0,23,0,0,NA,NA,NA,NA
M Met STD 11,M,Metsch,Standard,11,5,2,Exposed,0,23,0,0,NA,NA,NA,NA
M Met STD 11,M,Metsch,Standard,11,5,3,Exposed,0,23,3,3,NA,NA,NA,NA
M Met STD 11,M,Metsch,Standard,11,5,3.5,Exposed,0,23,12,15,NA,NA,NA,NA
M Met STD 12,M,Metsch,Standard,12,5,1,Exposed,0,23,0,0,NA,NA,NA,NA
M Met STD 12,M,Metsch,Standard,12,5,2,Exposed,0,23,0,0,NA,NA,NA,NA
M Met STD 12,M,Metsch,Standard,12,5,3,Exposed,0,23,1,1,NA,NA,NA,NA
M Met STD 12,M,Metsch,Standard,12,5,3.5,Exposed,0,23,10,11,NA,NA,NA,NA
M Met STD 13,M,Metsch,Standard,13,5,1,Exposed,0,17,0,0,NA,NA,NA,NA
M Met STD 13,M,Metsch,Standard,13,5,2,Exposed,0,17,0,0,NA,NA,NA,NA
M Met STD 13,M,Metsch,Standard,13,5,3,Exposed,0,17,1,1,NA,NA,NA,NA
M Met STD 13,M,Metsch,Standard,13,5,3.5,Exposed,0,17,0,1,NA,NA,NA,NA
M Met STD 14,M,Metsch,Standard,14,5,1,Exposed,0,23,0,0,NA,NA,NA,NA
M Met STD 14,M,Metsch,Standard,14,5,2,Exposed,0,23,1,1,NA,NA,NA,NA
M Met STD 14,M,Metsch,Standard,14,5,3,Exposed,0,23,8,9,NA,NA,NA,NA
M Met STD 14,M,Metsch,Standard,14,5,3.5,Exposed,0,23,14,23,NA,NA,NA,NA
M Met STD 15,M,Metsch,Standard,15,5,1,Exposed,NA,9,0,0,NA,NA,NA,NA
M Met STD 15,M,Metsch,Standard,15,5,2,Exposed,NA,9,0,0,NA,NA,NA,NA
M Met STD 15,M,Metsch,Standard,15,5,3,Exposed,NA,9,0,0,NA,NA,NA,NA
M Met STD 15,M,Metsch,Standard,15,5,3.5,Exposed,NA,9,0,0,NA,NA,NA,NA
M Met STD 16,M,Metsch,Standard,16,5,1,Exposed,NA,9,0,0,NA,NA,NA,NA
M Met STD 16,M,Metsch,Standard,16,5,2,Exposed,NA,9,0,0,NA,NA,NA,NA
M Met STD 16,M,Metsch,Standard,16,5,3,Exposed,NA,9,0,0,NA,NA,NA,NA
M Met STD 16,M,Metsch,Standard,16,5,3.5,Exposed,NA,9,0,0,NA,NA,NA,NA
M Met STD 17,M,Metsch,Standard,17,5,1,Exposed,NA,8,0,0,NA,NA,NA,NA
M Met STD 17,M,Metsch,Standard,17,5,2,Exposed,NA,8,0,0,NA,NA,NA,NA
M Met STD 17,M,Metsch,Standard,17,5,3,Exposed,NA,8,0,0,NA,NA,NA,NA
M Met STD 17,M,Metsch,Standard,17,5,3.5,Exposed,NA,8,0,0,NA,NA,NA,NA
M Met STD 18,M,Metsch,Standard,18,5,1,Exposed,NA,9,0,0,NA,NA,NA,NA
M Met STD 18,M,Metsch,Standard,18,5,2,Exposed,NA,9,0,0,NA,NA,NA,NA
M Met STD 18,M,Metsch,Standard,18,5,3,Exposed,NA,9,0,0,NA,NA,NA,NA
M Met STD 18,M,Metsch,Standard,18,5,3.5,Exposed,NA,9,0,0,NA,NA,NA,NA
M Met STD 19,M,Metsch,Standard,19,5,1,Exposed,0,23,0,0,NA,NA,NA,NA
M Met STD 19,M,Metsch,Standard,19,5,2,Exposed,0,23,0,0,NA,NA,NA,NA
M Met STD 19,M,Metsch,Standard,19,5,3,Exposed,0,23,2,2,NA,NA,NA,NA
M Met STD 19,M,Metsch,Standard,19,5,3.5,Exposed,0,23,10,12,NA,NA,NA,NA
M Met STD 2,M,Metsch,Standard,2,3,1,Exposed,NA,11,0,0,942.63,-0.0351799804675372,-0.0395925140151432,0.00284534927248505
M Met STD 2,M,Metsch,Standard,2,3,2,Exposed,NA,11,0,0,NA,NA,NA,NA
M Met STD 2,M,Metsch,Standard,2,3,3,Exposed,NA,11,0,0,NA,NA,NA,NA
M Met STD 2,M,Metsch,Standard,2,3,3.5,Exposed,NA,11,0,0,NA,NA,NA,NA
M Met STD 20,M,Metsch,Standard,20,5,1,Uninfected,0,23,0,0,NA,NA,NA,NA
M Met STD 20,M,Metsch,Standard,20,5,2,Uninfected,0,23,0,0,NA,NA,NA,NA
M Met STD 20,M,Metsch,Standard,20,5,3,Uninfected,0,23,4,4,NA,NA,NA,NA
M Met STD 20,M,Metsch,Standard,20,5,3.5,Uninfected,0,23,15,19,NA,NA,NA,NA
M Met STD 3,M,Metsch,Standard,3,3,1,Exposed,NA,13,0,0,964.26,0.169879378350553,0.182705810883465,0.00245177419021075
M Met STD 3,M,Metsch,Standard,3,3,2,Exposed,NA,13,0,0,NA,NA,NA,NA
M Met STD 3,M,Metsch,Standard,3,3,3,Exposed,NA,13,0,0,NA,NA,NA,NA
M Met STD 3,M,Metsch,Standard,3,3,3.5,Exposed,NA,13,0,0,NA,NA,NA,NA
M Met STD 4,M,Metsch,Standard,4,3,1,Infected,1,23,0,0,915.68,-0.0695222622373234,-0.0829156363930909,0.00216857731028886
M Met STD 4,M,Metsch,Standard,4,3,2,Infected,1,23,1,1,1165.39,-0.273501735161792,-0.201380544884359,NA
M Met STD 4,M,Metsch,Standard,4,3,3,Infected,1,23,6,7,1374.42,0.270168330991643,0.14301958300284,0.00498985046514131
M Met STD 4,M,Metsch,Standard,4,3,3.5,Infected,1,23,4,11,1464.68,NA,NA,NA
M Met STD 5,M,Metsch,Standard,5,3,1,Exposed,0,23,0,0,978.86,0.017917096151765,0.018699347847692,0.0023583186567283
M Met STD 5,M,Metsch,Standard,5,3,2,Exposed,0,23,0,0,1197.67,-0.187453107145438,-0.130682760889368,NA
M Met STD 5,M,Metsch,Standard,5,3,3,Exposed,0,23,7,7,1414.04,0.524376821863469,0.262252778043775,0.00508533973242102
M Met STD 5,M,Metsch,Standard,5,3,3.5,Exposed,0,23,6,13,1447.72,NA,NA,NA
M Met STD 6,M,Metsch,Standard,6,4,1,Exposed,0,23,0,0,1056.21,0.148847700723475,0.133426342247098,-0.000374541460200422
M Met STD 6,M,Metsch,Standard,6,4,2,Exposed,0,23,1,1,1258.57,-0.270389469440062,-0.170700590212468,0.00179750190529301
M Met STD 6,M,Metsch,Standard,6,4,3,Exposed,0,23,7,8,1582.57,-0.375514911322039,-0.149934415017218,0.00440987125229377
M Met STD 6,M,Metsch,Standard,6,4,3.5,Exposed,0,23,6,14,1554.36,NA,NA,NA
M Met STD 7,M,Metsch,Standard,7,4,1,Exposed,NA,7,0,0,NA,NA,NA,NA
M Met STD 7,M,Metsch,Standard,7,4,2,Exposed,NA,7,0,0,NA,NA,NA,NA
M Met STD 7,M,Metsch,Standard,7,4,3,Exposed,NA,7,0,0,NA,NA,NA,NA
M Met STD 7,M,Metsch,Standard,7,4,3.5,Exposed,NA,7,0,0,NA,NA,NA,NA
M Met STD 8,M,Metsch,Standard,8,4,1,Exposed,NA,7,0,0,NA,NA,NA,NA
M Met STD 8,M,Metsch,Standard,8,4,2,Exposed,NA,7,0,0,NA,NA,NA,NA
M Met STD 8,M,Metsch,Standard,8,4,3,Exposed,NA,7,0,0,NA,NA,NA,NA
M Met STD 8,M,Metsch,Standard,8,4,3.5,Exposed,NA,7,0,0,NA,NA,NA,NA
M Met STD 9,M,Metsch,Standard,9,4,1,Exposed,NA,7,0,0,NA,NA,NA,NA
M Met STD 9,M,Metsch,Standard,9,4,2,Exposed,NA,7,0,0,NA,NA,NA,NA
M Met STD 9,M,Metsch,Standard,9,4,3,Exposed,NA,7,0,0,NA,NA,NA,NA
M Met STD 9,M,Metsch,Standard,9,4,3.5,Exposed,NA,7,0,0,NA,NA,NA,NA
M Uninf MID 1,M,Uninfected,Mid37,1,3,1,Uninfected,0,23,0,0,720.21,-0.0739070254797949,-0.14248443654055,0.0012033134676848
M Uninf MID 1,M,Uninfected,Mid37,1,3,2,Uninfected,0,23,0,0,909.25,-0.113680416710889,-0.137505173198461,NA
M Uninf MID 1,M,Uninfected,Mid37,1,3,3,Uninfected,0,23,0,0,1113.44,0.119868499855734,0.096687745085597,0.00127911610615221
M Uninf MID 1,M,Uninfected,Mid37,1,3,3.5,Uninfected,0,23,1,1,1216.98,NA,NA,NA
M Uninf MID 10,M,Uninfected,Mid37,10,4,1,Uninfected,0,23,0,0,833.36,-0.0444306943363055,-0.0639761053080287,-0.00117707463099515
M Uninf MID 10,M,Uninfected,Mid37,10,4,2,Uninfected,0,23,0,0,1039.69,0.0886347889676652,0.0819967202042974,0.00148644996917288
M Uninf MID 10,M,Uninfected,Mid37,10,4,3,Uninfected,0,23,0,0,1235.33,0.160949031446573,0.105468408045806,0.000835464049216307
M Uninf MID 10,M,Uninfected,Mid37,10,4,3.5,Uninfected,0,23,0,0,1278.95,NA,NA,NA
M Uninf MID 2,M,Uninfected,Mid37,2,3,1,Uninfected,0,23,0,0,873.02,0.0777986209144167,0.102075969266016,0.00224728781552331
M Uninf MID 2,M,Uninfected,Mid37,2,3,2,Uninfected,0,23,0,0,1090,0.101041036360724,0.0850442188037407,NA
M Uninf MID 2,M,Uninfected,Mid37,2,3,3,Uninfected,0,23,2,2,1251.41,0.200736175274682,0.12818181091389,0.00237854156905782
M Uninf MID 2,M,Uninfected,Mid37,2,3,3.5,Uninfected,0,23,4,6,1319.79,NA,NA,NA
M Uninf MID 3,M,Uninfected,Mid37,3,3,1,Uninfected,0,23,0,0,800.82,-0.0557738837184931,-0.0869683168894342,0.00141796748160209
M Uninf MID 3,M,Uninfected,Mid37,3,3,2,Uninfected,0,23,0,0,983.17,-0.167739209632813,-0.173531114447844,NA
M Uninf MID 3,M,Uninfected,Mid37,3,3,3,Uninfected,0,23,1,1,1233.82,0.672041615648892,0.441461216423598,-0.00172752199743637
M Uninf MID 3,M,Uninfected,Mid37,3,3,3.5,Uninfected,0,23,4,5,1317.63,NA,NA,NA
M Uninf MID 4,M,Uninfected,Mid37,4,3,1,Uninfected,0,17,0,0,867.31,-0.14429330477426,-0.191821583881108,0.00233047646445854
M Uninf MID 4,M,Uninfected,Mid37,4,3,2,Uninfected,0,17,0,0,1080.04,-0.0387614369404458,-0.0332292231502048,NA
M Uninf MID 4,M,Uninfected,Mid37,4,3,3,Uninfected,0,17,1,1,NA,NA,NA,NA
M Uninf MID 4,M,Uninfected,Mid37,4,3,3.5,Uninfected,0,17,0,1,NA,NA,NA,NA
M Uninf MID 5,M,Uninfected,Mid37,5,3,1,Uninfected,0,23,0,0,957.86,0.0383874183299418,0.0418393404999395,0.00124519933630268
M Uninf MID 5,M,Uninfected,Mid37,5,3,2,Uninfected,0,23,0,0,1119.89,0.0598866820434389,0.0477506754082241,NA
M Uninf MID 5,M,Uninfected,Mid37,5,3,3,Uninfected,0,23,1,1,1313.59,0.455544075731105,0.264004139087426,0.00155506154989789
M Uninf MID 5,M,Uninfected,Mid37,5,3,3.5,Uninfected,0,23,3,4,1326.42,NA,NA,NA
M Uninf MID 6,M,Uninfected,Mid37,6,4,1,Uninfected,0,23,0,0,902.82,0.140986556313576,0.172971821980353,-0.000969778350356852
M Uninf MID 6,M,Uninfected,Mid37,6,4,2,Uninfected,0,23,0,0,1159.22,0.360425370677082,0.268215346303163,0.00130530605032767
M Uninf MID 6,M,Uninfected,Mid37,6,4,3,Uninfected,0,23,1,1,1241.94,-0.177554129951796,-0.115114372034737,0.00283380906061154
M Uninf MID 6,M,Uninfected,Mid37,6,4,3.5,Uninfected,0,23,2,3,1326.94,NA,NA,NA
M Uninf MID 7,M,Uninfected,Mid37,7,4,1,Uninfected,0,23,0,0,768.7,0,0,-0.000519968942632535
M Uninf MID 7,M,Uninfected,Mid37,7,4,2,Uninfected,0,23,0,0,964.27,-0.0425827645955092,-0.0457969486550247,0.00689627709968364
M Uninf MID 7,M,Uninfected,Mid37,7,4,3,Uninfected,0,23,0,0,1161.73,-0.0337336721176975,-0.0249950039849554,0.00150867389118174
M Uninf MID 7,M,Uninfected,Mid37,7,4,3.5,Uninfected,0,23,1,1,1173.97,NA,NA,NA
M Uninf MID 8,M,Uninfected,Mid37,8,4,1,Uninfected,0,23,0,0,897.54,0.0926349641936412,0.11499191668598,0.000707182091196556
M Uninf MID 8,M,Uninfected,Mid37,8,4,2,Uninfected,0,23,0,0,1083.06,0.0217134864754442,0.0185107719050043,0.000316143211860491
M Uninf MID 8,M,Uninfected,Mid37,8,4,3,Uninfected,0,23,2,2,1308.98,0.142272080613625,0.0830335604641298,0.00277954846203874
M Uninf MID 8,M,Uninfected,Mid37,8,4,3.5,Uninfected,0,23,2,4,1303.33,NA,NA,NA
M Uninf MID 9,M,Uninfected,Mid37,9,4,1,Uninfected,NA,6,0,0,NA,NA,NA,NA
M Uninf MID 9,M,Uninfected,Mid37,9,4,2,Uninfected,NA,6,0,0,NA,NA,NA,NA
M Uninf MID 9,M,Uninfected,Mid37,9,4,3,Uninfected,NA,6,0,0,NA,NA,NA,NA
M Uninf MID 9,M,Uninfected,Mid37,9,4,3.5,Uninfected,NA,6,0,0,NA,NA,NA,NA
M Uninf STD 1,M,Uninfected,Standard,1,3,1,Uninfected,0,23,0,0,931.93,0,0,0.00388175638804775
M Uninf STD 1,M,Uninfected,Standard,1,3,2,Uninfected,0,23,0,0,1137.97,0.230976938810244,0.178363914537113,NA
M Uninf STD 1,M,Uninfected,Standard,1,3,3,Uninfected,0,23,3,3,1456.58,0.325480624723102,0.153410984152283,0.00391899027246426
M Uninf STD 1,M,Uninfected,Standard,1,3,3.5,Uninfected,0,23,11,14,1479,NA,NA,NA
M Uninf STD 10,M,Uninfected,Standard,10,4,1,Uninfected,0,23,0,0,946.56,-0.0223654554341569,-0.0249621190610614,0.000458140193846585
M Uninf STD 10,M,Uninfected,Standard,10,4,2,Uninfected,0,23,1,1,1140.37,-0.0840873678484436,-0.064660519684528,0.00160615365692331
M Uninf STD 10,M,Uninfected,Standard,10,4,3,Uninfected,0,23,2,3,1470.54,-0.0667926253518619,-0.0308869361124805,0.00441408333214641
M Uninf STD 10,M,Uninfected,Standard,10,4,3.5,Uninfected,0,23,8,11,1465.09,NA,NA,NA
M Uninf STD 2,M,Uninfected,Standard,2,3,1,Uninfected,0,23,0,0,926.05,0.0979054958736957,0.114166371749478,0.00262275825351236
M Uninf STD 2,M,Uninfected,Standard,2,3,2,Uninfected,0,23,0,0,1178.5,-0.113680416710889,-0.0818514699430337,NA
M Uninf STD 2,M,Uninfected,Standard,2,3,3,Uninfected,0,23,4,4,1456.27,0.596689614416697,0.281361501591761,0.0044673677238166
M Uninf STD 2,M,Uninfected,Standard,2,3,3.5,Uninfected,0,23,10,14,1500.41,NA,NA,NA
M Uninf STD 3,M,Uninfected,Standard,3,3,1,Uninfected,0,23,0,0,932.37,0.0579616450541107,0.0666751683078082,0.000290536691330222
M Uninf STD 3,M,Uninfected,Standard,3,3,2,Uninfected,0,23,2,2,1165.58,0,0,NA
M Uninf STD 3,M,Uninfected,Standard,3,3,3,Uninfected,0,23,3,5,1398.66,0.711042440085677,0.363472211823334,0.00330372642463796
M Uninf STD 3,M,Uninfected,Standard,3,3,3.5,Uninfected,0,23,7,12,1476.89,NA,NA,NA
M Uninf STD 4,M,Uninfected,Standard,4,3,1,Uninfected,0,23,0,0,940.55,-0.14429330477426,-0.163110682421519,0.00196642863796755
M Uninf STD 4,M,Uninfected,Standard,4,3,2,Uninfected,0,23,0,0,1219.16,-0.0387614369404458,-0.0260782508213622,NA
M Uninf STD 4,M,Uninfected,Standard,4,3,3,Uninfected,0,23,0,0,1305.56,0.341191250062125,0.200172408095234,0.00396168866584226
M Uninf STD 4,M,Uninfected,Standard,4,3,3.5,Uninfected,0,23,2,2,1376.09,NA,NA,NA
M Uninf STD 5,M,Uninfected,Standard,5,3,1,Uninfected,0,23,0,0,904.63,-0.0374154797797388,-0.0457203289581259,0.000932177333702631
M Uninf STD 5,M,Uninfected,Standard,5,3,2,Uninfected,0,23,0,0,1200.9,-0.185376058517041,-0.128540490929747,NA
M Uninf STD 5,M,Uninfected,Standard,5,3,3,Uninfected,0,23,7,7,1490.49,0.294499188791358,0.132564112808068,0.00344531531863653
M Uninf STD 5,M,Uninfected,Standard,5,3,3.5,Uninfected,0,23,9,16,1510.27,NA,NA,NA
M Uninf STD 6,M,Uninfected,Standard,6,4,1,Uninfected,0,23,0,0,946.43,0.116632990639372,0.130210022948822,0.000280948227691373
M Uninf STD 6,M,Uninfected,Standard,6,4,2,Uninfected,0,23,0,0,1183.46,-0.183471993777025,-0.130997381007201,0.00166586548159888
M Uninf STD 6,M,Uninfected,Standard,6,4,3,Uninfected,0,23,6,6,1503.29,0,0,0.00533734030685429
M Uninf STD 6,M,Uninfected,Standard,6,4,3.5,Uninfected,0,23,14,20,1527.08,NA,NA,NA
M Uninf STD 7,M,Uninfected,Standard,7,4,1,Uninfected,0,23,0,0,942.16,0.0226739541901408,0.0255433550913404,-0.000782311030877084
M Uninf STD 7,M,Uninfected,Standard,7,4,2,Uninfected,0,23,1,1,1219.81,0.182337106738073,0.122543612962388,0.00436093502189172
M Uninf STD 7,M,Uninfected,Standard,7,4,3,Uninfected,0,23,8,9,1502.04,-0.130990696948992,-0.0580600567905341,0.00409535318162575
M Uninf STD 7,M,Uninfected,Standard,7,4,3.5,Uninfected,0,23,13,22,1546.17,NA,NA,NA
M Uninf STD 8,M,Uninfected,Standard,8,4,1,Uninfected,0,23,0,0,932.19,0.0226739541901408,0.0260926618088948,-0.000975557369113561
M Uninf STD 8,M,Uninfected,Standard,8,4,2,Uninfected,0,23,0,0,1223.93,-0.348461380301103,-0.232617022575631,0.00234252278437932
M Uninf STD 8,M,Uninfected,Standard,8,4,3,Uninfected,0,23,7,7,1493.09,-0.130990696948992,-0.05875819948082,0.00427811158110388
M Uninf STD 8,M,Uninfected,Standard,8,4,3.5,Uninfected,0,23,8,15,1509.31,NA,NA,NA
M Uninf STD 9,M,Uninfected,Standard,9,4,1,Uninfected,0,23,0,0,883.52,-0.066203669815792,-0.0848104356529095,-0.00049994059103128
M Uninf STD 9,M,Uninfected,Standard,9,4,2,Uninfected,0,23,0,0,1165.7,-0.164071243536037,-0.120742142193424,0.00515636510140136
M Uninf STD 9,M,Uninfected,Standard,9,4,3,Uninfected,0,23,5,5,1432.02,-0.146658042328403,-0.0715167411582344,0.00367618090347061
M Uninf STD 9,M,Uninfected,Standard,9,4,3.5,Uninfected,0,23,12,17,1490.46,NA,NA,NA
M+ Met MID 1,M+,Metsch,Mid37,1,3,1,Exposed,NA,12,0,0,766.19,0.147564437628084,0.25136728140054,-0.000421452869155504
M+ Met MID 1,M+,Metsch,Mid37,1,3,2,Exposed,NA,12,0,0,NA,NA,NA,NA
M+ Met MID 1,M+,Metsch,Mid37,1,3,3,Exposed,NA,12,0,0,NA,NA,NA,NA
M+ Met MID 1,M+,Metsch,Mid37,1,3,3.5,Exposed,NA,12,0,0,NA,NA,NA,NA
M+ Met MID 10,M+,Metsch,Mid37,10,4,1,Exposed,0,23,0,0,801.98,0.0595899915518637,0.0926501758889032,0.000692717430072746
M+ Met MID 10,M+,Metsch,Mid37,10,4,2,Exposed,0,23,0,0,924.78,0.300558518670346,0.351440804169943,NA
M+ Met MID 10,M+,Metsch,Mid37,10,4,3,Exposed,0,23,0,0,1180.72,-0.18328089267979,-0.131468997705659,-0.00203456781634661
M+ Met MID 10,M+,Metsch,Mid37,10,4,3.5,Exposed,0,23,1,1,1195.01,NA,NA,NA
M+ Met MID 11,M+,Metsch,Mid37,11,5,1,Exposed,0,23,0,0,NA,NA,NA,NA
M+ Met MID 11,M+,Metsch,Mid37,11,5,2,Exposed,0,23,0,0,NA,NA,NA,NA
M+ Met MID 11,M+,Metsch,Mid37,11,5,3,Exposed,0,23,0,0,NA,NA,NA,NA
M+ Met MID 11,M+,Metsch,Mid37,11,5,3.5,Exposed,0,23,6,6,NA,NA,NA,NA
M+ Met MID 12,M+,Metsch,Mid37,12,5,1,Exposed,0,23,0,0,NA,NA,NA,NA
M+ Met MID 12,M+,Metsch,Mid37,12,5,2,Exposed,0,23,0,0,NA,NA,NA,NA
M+ Met MID 12,M+,Metsch,Mid37,12,5,3,Exposed,0,23,1,1,NA,NA,NA,NA
M+ Met MID 12,M+,Metsch,Mid37,12,5,3.5,Exposed,0,23,7,8,NA,NA,NA,NA
M+ Met MID 13,M+,Metsch,Mid37,13,5,1,Exposed,0,23,0,0,NA,NA,NA,NA
M+ Met MID 13,M+,Metsch,Mid37,13,5,2,Exposed,0,23,0,0,NA,NA,NA,NA
M+ Met MID 13,M+,Metsch,Mid37,13,5,3,Exposed,0,23,1,1,NA,NA,NA,NA
M+ Met MID 13,M+,Metsch,Mid37,13,5,3.5,Exposed,0,23,6,7,NA,NA,NA,NA
M+ Met MID 14,M+,Metsch,Mid37,14,5,1,Exposed,0,23,0,0,NA,NA,NA,NA
M+ Met MID 14,M+,Metsch,Mid37,14,5,2,Exposed,0,23,0,0,NA,NA,NA,NA
M+ Met MID 14,M+,Metsch,Mid37,14,5,3,Exposed,0,23,0,0,NA,NA,NA,NA
M+ Met MID 14,M+,Metsch,Mid37,14,5,3.5,Exposed,0,23,2,2,NA,NA,NA,NA
M+ Met MID 15,M+,Metsch,Mid37,15,5,1,Exposed,0,23,0,0,NA,NA,NA,NA
M+ Met MID 15,M+,Metsch,Mid37,15,5,2,Exposed,0,23,0,0,NA,NA,NA,NA
M+ Met MID 15,M+,Metsch,Mid37,15,5,3,Exposed,0,23,2,2,NA,NA,NA,NA
M+ Met MID 15,M+,Metsch,Mid37,15,5,3.5,Exposed,0,23,3,5,NA,NA,NA,NA
M+ Met MID 16,M+,Metsch,Mid37,16,5,1,Exposed,0,23,0,0,NA,NA,NA,NA
M+ Met MID 16,M+,Metsch,Mid37,16,5,2,Exposed,0,23,0,0,NA,NA,NA,NA
M+ Met MID 16,M+,Metsch,Mid37,16,5,3,Exposed,0,23,2,2,NA,NA,NA,NA
M+ Met MID 16,M+,Metsch,Mid37,16,5,3.5,Exposed,0,23,6,8,NA,NA,NA,NA
M+ Met MID 17,M+,Metsch,Mid37,17,5,1,Exposed,0,23,0,0,NA,NA,NA,NA
M+ Met MID 17,M+,Metsch,Mid37,17,5,2,Exposed,0,23,0,0,NA,NA,NA,NA
M+ Met MID 17,M+,Metsch,Mid37,17,5,3,Exposed,0,23,2,2,NA,NA,NA,NA
M+ Met MID 17,M+,Metsch,Mid37,17,5,3.5,Exposed,0,23,5,7,NA,NA,NA,NA
M+ Met MID 18,M+,Metsch,Mid37,18,5,1,Exposed,NA,9,0,0,NA,NA,NA,NA
M+ Met MID 18,M+,Metsch,Mid37,18,5,2,Exposed,NA,9,0,0,NA,NA,NA,NA
M+ Met MID 18,M+,Metsch,Mid37,18,5,3,Exposed,NA,9,0,0,NA,NA,NA,NA
M+ Met MID 18,M+,Metsch,Mid37,18,5,3.5,Exposed,NA,9,0,0,NA,NA,NA,NA
M+ Met MID 19,M+,Metsch,Mid37,19,5,1,Exposed,0,23,0,0,NA,NA,NA,NA
M+ Met MID 19,M+,Metsch,Mid37,19,5,2,Exposed,0,23,0,0,NA,NA,NA,NA
M+ Met MID 19,M+,Metsch,Mid37,19,5,3,Exposed,0,23,0,0,NA,NA,NA,NA
M+ Met MID 19,M+,Metsch,Mid37,19,5,3.5,Exposed,0,23,5,5,NA,NA,NA,NA
M+ Met MID 2,M+,Metsch,Mid37,2,3,1,Exposed,0,23,0,0,902.19,0.268535784237963,0.329918104628759,0.00152525859686501
M+ Met MID 2,M+,Metsch,Mid37,2,3,1,Exposed,0,23,0,0,902.19,0.268535784237963,0.329918104628759,0.00011983522568854
M+ Met MID 2,M+,Metsch,Mid37,2,3,2,Exposed,0,23,0,0,1029.36,0.0175826089594196,0.0165939104289409,-0.00275143094866063
M+ Met MID 2,M+,Metsch,Mid37,2,3,3,Exposed,0,23,0,0,1200.28,-0.152904031771644,-0.106133820502344,0.00232533809214516
M+ Met MID 2,M+,Metsch,Mid37,2,3,3.5,Exposed,0,23,1,1,1243.28,NA,NA,NA
M+ Met MID 20,M+,Metsch,Mid37,20,5,1,Exposed,NA,9,0,0,NA,NA,NA,NA
M+ Met MID 20,M+,Metsch,Mid37,20,5,2,Exposed,NA,9,0,0,NA,NA,NA,NA
M+ Met MID 20,M+,Metsch,Mid37,20,5,3,Exposed,NA,9,0,0,NA,NA,NA,NA
M+ Met MID 20,M+,Metsch,Mid37,20,5,3.5,Exposed,NA,9,0,0,NA,NA,NA,NA
M+ Met MID 3,M+,Metsch,Mid37,3,3,1,Exposed,0,23,0,0,781.06,0.206840074635563,0.339051672963003,-0.000915288326100712
M+ Met MID 3,M+,Metsch,Mid37,3,3,2,Exposed,0,23,0,0,957.67,0.225543806449039,0.245922995301073,0.00276890885611006
M+ Met MID 3,M+,Metsch,Mid37,3,3,3,Exposed,0,23,0,0,1159.25,0.0822887075736106,0.0612330697617377,0.00224726207905559
M+ Met MID 3,M+,Metsch,Mid37,3,3,3.5,Exposed,0,23,0,0,1249.24,NA,NA,NA
M+ Met MID 4,M+,Metsch,Mid37,4,3,1,Exposed,0,23,0,0,827.99,0.0719819380190243,0.104996144520114,-0.00104016859502012
M+ Met MID 4,M+,Metsch,Mid37,4,3,2,Exposed,0,23,0,0,986.22,0.165983018478746,0.170653832931036,0.00136572153084767
M+ Met MID 4,M+,Metsch,Mid37,4,3,3,Exposed,0,23,0,0,1086.08,-0.152904031771644,-0.129626950543418,0.00190497005506765
M+ Met MID 4,M+,Metsch,Mid37,4,3,3.5,Exposed,0,23,0,0,1137.64,NA,NA,NA
M+ Met MID 5,M+,Metsch,Mid37,5,3,1,Exposed,0,23,0,0,891.24,0.186822099698503,0.235200861900355,-0.00106833621874392
M+ Met MID 5,M+,Metsch,Mid37,5,3,2,Exposed,0,23,0,0,1062.31,0.146631045852807,0.129934174857551,0.00178016126636691
M+ Met MID 5,M+,Metsch,Mid37,5,3,3,Exposed,0,23,0,0,1173.8,0.125071991662639,0.090776170027656,0.00120319714563989
M+ Met MID 5,M+,Metsch,Mid37,5,3,3.5,Exposed,0,23,1,1,1203.53,NA,NA,NA
M+ Met MID 6,M+,Metsch,Mid37,6,4,1,Exposed,0,23,0,0,847.32,0.0394757403243429,0.0549838781411037,0.00143636708403272
M+ Met MID 6,M+,Metsch,Mid37,6,4,2,Exposed,0,23,0,0,995.26,0.518690632061109,0.523643002725418,NA
M+ Met MID 6,M+,Metsch,Mid37,6,4,3,Exposed,0,23,0,0,1099.12,-0.18328089267979,-0.151714458167873,0.00146789428161496
M+ Met MID 6,M+,Metsch,Mid37,6,4,3.5,Exposed,0,23,1,1,1150.89,NA,NA,NA
M+ Met MID 7,M+,Metsch,Mid37,7,4,1,Exposed,0,23,0,0,801.05,0.121517433372835,0.189373557830207,0.00355188465349765
M+ Met MID 7,M+,Metsch,Mid37,7,4,2,Exposed,0,23,0,0,955.35,0.433321335318569,0.474771954833692,NA
M+ Met MID 7,M+,Metsch,Mid37,7,4,3,Exposed,0,23,0,0,1132.27,-0.144309111150312,-0.11256250525688,-0.000405008706252437
M+ Met MID 7,M+,Metsch,Mid37,7,4,3.5,Exposed,0,23,1,1,1172.9,NA,NA,NA
M+ Met MID 8,M+,Metsch,Mid37,8,4,1,Exposed,0,23,0,0,873.69,0.14271167600253,0.186958311303884,0.0030861106602423
M+ Met MID 8,M+,Metsch,Mid37,8,4,2,Exposed,0,23,0,0,1022.44,0.461268036001833,0.441242866709888,NA
M+ Met MID 8,M+,Metsch,Mid37,8,4,3,Exposed,0,23,0,0,1318.67,-0.124465295637944,-0.0715774171555136,-0.00084470552412561
M+ Met MID 8,M+,Metsch,Mid37,8,4,3.5,Exposed,0,23,2,2,1337.57,NA,NA,NA
M+ Met MID 9,M+,Metsch,Mid37,9,4,1,Exposed,NA,11,0,0,878.22,0.253172605381862,0.32825402835982,0.00182139441687473
M+ Met MID 9,M+,Metsch,Mid37,9,4,2,Exposed,NA,11,0,0,NA,NA,NA,NA
M+ Met MID 9,M+,Metsch,Mid37,9,4,3,Exposed,NA,11,0,0,NA,NA,NA,NA
M+ Met MID 9,M+,Metsch,Mid37,9,4,3.5,Exposed,NA,11,0,0,NA,NA,NA,NA
M+ Met STD 1,M+,Metsch,Standard,1,3,1,Exposed,0,23,0,0,872.07,0.0176766344028077,0.023243251768501,NA
M+ Met STD 1,M+,Metsch,Standard,1,3,2,Exposed,0,23,0,0,1140.84,0.237154892041936,0.182214363283257,0.00146173525581755
M+ Met STD 1,M+,Metsch,Standard,1,3,3,Exposed,0,23,10,10,1416.46,-0.292494476140034,-0.145783723706296,0.00590498986431846
M+ Met STD 1,M+,Metsch,Standard,1,3,3.5,Exposed,0,23,4,14,1496.33,NA,NA,NA
M+ Met STD 10,M+,Metsch,Standard,10,4,1,Exposed,0,15,0,0,942.67,0.0799637886611921,0.089985801755228,0.0022732371442735
M+ Met STD 10,M+,Metsch,Standard,10,4,2,Exposed,0,15,0,0,1250.34,0.154705907937164,0.0989579406387729,NA
M+ Met STD 10,M+,Metsch,Standard,10,4,3,Exposed,0,15,1,1,NA,NA,NA,NA
M+ Met STD 10,M+,Metsch,Standard,10,4,3.5,Exposed,0,15,0,1,NA,NA,NA,NA
M+ Met STD 11,M+,Metsch,Standard,11,5,1,Exposed,0,15,0,0,NA,NA,NA,NA
M+ Met STD 11,M+,Metsch,Standard,11,5,2,Exposed,0,15,0,0,NA,NA,NA,NA
M+ Met STD 11,M+,Metsch,Standard,11,5,3,Exposed,0,15,2,2,NA,NA,NA,NA
M+ Met STD 11,M+,Metsch,Standard,11,5,3.5,Exposed,0,15,0,2,NA,NA,NA,NA
M+ Met STD 12,M+,Metsch,Standard,12,5,1,Exposed,0,23,0,0,NA,NA,NA,NA
M+ Met STD 12,M+,Metsch,Standard,12,5,2,Exposed,0,23,0,0,NA,NA,NA,NA
M+ Met STD 12,M+,Metsch,Standard,12,5,3,Exposed,0,23,3,3,NA,NA,NA,NA
M+ Met STD 12,M+,Metsch,Standard,12,5,3.5,Exposed,0,23,4,7,NA,NA,NA,NA
M+ Met STD 13,M+,Metsch,Standard,13,5,1,Exposed,NA,12,0,0,NA,NA,NA,NA
M+ Met STD 13,M+,Metsch,Standard,13,5,2,Exposed,NA,12,0,0,NA,NA,NA,NA
M+ Met STD 13,M+,Metsch,Standard,13,5,3,Exposed,NA,12,0,0,NA,NA,NA,NA
M+ Met STD 13,M+,Metsch,Standard,13,5,3.5,Exposed,NA,12,0,0,NA,NA,NA,NA
M+ Met STD 14,M+,Metsch,Standard,14,5,1,Exposed,NA,14,0,0,NA,NA,NA,NA
M+ Met STD 14,M+,Metsch,Standard,14,5,2,Exposed,NA,14,2,2,NA,NA,NA,NA
M+ Met STD 14,M+,Metsch,Standard,14,5,3,Exposed,NA,14,0,2,NA,NA,NA,NA
M+ Met STD 14,M+,Metsch,Standard,14,5,3.5,Exposed,NA,14,0,2,NA,NA,NA,NA
M+ Met STD 15,M+,Metsch,Standard,15,5,1,Exposed,0,23,0,0,NA,NA,NA,NA
M+ Met STD 15,M+,Metsch,Standard,15,5,2,Exposed,0,23,1,1,NA,NA,NA,NA
M+ Met STD 15,M+,Metsch,Standard,15,5,3,Exposed,0,23,5,6,NA,NA,NA,NA
M+ Met STD 15,M+,Metsch,Standard,15,5,3.5,Exposed,0,23,3,9,NA,NA,NA,NA
M+ Met STD 16,M+,Metsch,Standard,16,5,1,Exposed,0,23,0,0,NA,NA,NA,NA
M+ Met STD 16,M+,Metsch,Standard,16,5,2,Exposed,0,23,0,0,NA,NA,NA,NA
M+ Met STD 16,M+,Metsch,Standard,16,5,3,Exposed,0,23,3,3,NA,NA,NA,NA
M+ Met STD 16,M+,Metsch,Standard,16,5,3.5,Exposed,0,23,10,13,NA,NA,NA,NA
M+ Met STD 17,M+,Metsch,Standard,17,5,1,Infected,1,22,0,0,NA,NA,NA,NA
M+ Met STD 17,M+,Metsch,Standard,17,5,2,Infected,1,22,2,2,NA,NA,NA,NA
M+ Met STD 17,M+,Metsch,Standard,17,5,3,Infected,1,22,2,4,NA,NA,NA,NA
M+ Met STD 17,M+,Metsch,Standard,17,5,3.5,Infected,1,22,0,4,NA,NA,NA,NA
M+ Met STD 18,M+,Metsch,Standard,18,5,1,Exposed,NA,9,0,0,NA,NA,NA,NA
M+ Met STD 18,M+,Metsch,Standard,18,5,2,Exposed,NA,9,0,0,NA,NA,NA,NA
M+ Met STD 18,M+,Metsch,Standard,18,5,3,Exposed,NA,9,0,0,NA,NA,NA,NA
M+ Met STD 18,M+,Metsch,Standard,18,5,3.5,Exposed,NA,9,0,0,NA,NA,NA,NA
M+ Met STD 19,M+,Metsch,Standard,19,5,1,Exposed,NA,9,0,0,NA,NA,NA,NA
M+ Met STD 19,M+,Metsch,Standard,19,5,2,Exposed,NA,9,0,0,NA,NA,NA,NA
M+ Met STD 19,M+,Metsch,Standard,19,5,3,Exposed,NA,9,0,0,NA,NA,NA,NA
M+ Met STD 19,M+,Metsch,Standard,19,5,3.5,Exposed,NA,9,0,0,NA,NA,NA,NA
M+ Met STD 2,M+,Metsch,Standard,2,3,1,Exposed,0,23,0,0,907.96,0.090526158560809,0.109809688428944,-0.00145461273463312
M+ Met STD 2,M+,Metsch,Standard,2,3,2,Exposed,0,23,0,0,1176.03,-0.0173839311598973,-0.012569302908056,0.00665234106349267
M+ Met STD 2,M+,Metsch,Standard,2,3,3,Exposed,0,23,9,9,1477.42,-0.0199291764682733,-0.00913022342224485,0.0030387296019225
M+ Met STD 2,M+,Metsch,Standard,2,3,3.5,Exposed,0,23,5,14,1549.5,NA,NA,NA
M+ Met STD 20,M+,Metsch,Standard,20,5,1,Uninfected,0,23,0,0,NA,NA,NA,NA
M+ Met STD 20,M+,Metsch,Standard,20,5,2,Uninfected,0,23,0,0,NA,NA,NA,NA
M+ Met STD 20,M+,Metsch,Standard,20,5,3,Uninfected,0,23,4,4,NA,NA,NA,NA
M+ Met STD 20,M+,Metsch,Standard,20,5,3.5,Uninfected,0,23,10,14,NA,NA,NA,NA
M+ Met STD 3,M+,Metsch,Standard,3,3,1,Exposed,0,16,0,0,949.11,-0.017472275669133,-0.0193961875440997,0.000356964725313844
M+ Met STD 3,M+,Metsch,Standard,3,3,2,Exposed,0,16,0,0,1230.09,0.245921078372148,0.162525675108217,0.00370742299365696
M+ Met STD 3,M+,Metsch,Standard,3,3,3,Exposed,0,16,2,2,NA,NA,NA,NA
M+ Met STD 3,M+,Metsch,Standard,3,3,3.5,Exposed,0,16,0,2,NA,NA,NA,NA
M+ Met STD 4,M+,Metsch,Standard,4,3,1,Exposed,0,23,0,0,870.6,0,0,0.000592057515574568
M+ Met STD 4,M+,Metsch,Standard,4,3,2,Exposed,0,23,0,0,1114.83,0.266571878883133,0.214485056179946,-0.000252027767171269
M+ Met STD 4,M+,Metsch,Standard,4,3,3,Exposed,0,23,4,4,1424.82,-0.11602245173202,-0.0571507630516617,0.00303485924758859
M+ Met STD 4,M+,Metsch,Standard,4,3,3.5,Exposed,0,23,7,11,1402.89,NA,NA,NA
M+ Met STD 5,M+,Metsch,Standard,5,3,1,Exposed,0,22,0,0,917.81,-0.0518222772976811,-0.0615192345852609,0.000219625201089455
M+ Met STD 5,M+,Metsch,Standard,5,3,2,Exposed,0,22,0,0,1124.97,0.419452607826524,0.331437020860949,0.000186165599650515
M+ Met STD 5,M+,Metsch,Standard,5,3,3,Exposed,0,22,6,6,1406.99,-0.568190075487615,-0.287019644488346,0.00391506096006578
M+ Met STD 5,M+,Metsch,Standard,5,3,3.5,Exposed,0,22,5,11,NA,NA,NA,NA
M+ Met STD 6,M+,Metsch,Standard,6,4,1,Exposed,0,23,0,0,951.16,0.208056754154405,0.229971841292064,0.00604795515793524
M+ Met STD 6,M+,Metsch,Standard,6,4,2,Exposed,0,23,0,0,1170.89,0.326233025309999,0.237955490336241,NA
M+ Met STD 6,M+,Metsch,Standard,6,4,3,Exposed,0,23,7,7,1403.31,-0.144309111150312,-0.0732801773478068,0.00133899034277381
M+ Met STD 6,M+,Metsch,Standard,6,4,3.5,Exposed,0,23,8,15,1426.31,NA,NA,NA
M+ Met STD 7,M+,Metsch,Standard,7,4,1,Exposed,0,23,0,0,896.16,0.164194284511654,0.204449910564039,0.000308650427597241
M+ Met STD 7,M+,Metsch,Standard,7,4,2,Exposed,0,23,1,1,1136.56,0.378869478364091,0.293295152482708,NA
M+ Met STD 7,M+,Metsch,Standard,7,4,3,Exposed,0,23,4,5,1467.92,-0.382299910616006,-0.177418711618762,0.00314003537678518
M+ Met STD 7,M+,Metsch,Standard,7,4,3.5,Exposed,0,23,13,18,1514.99,NA,NA,NA
M+ Met STD 8,M+,Metsch,Standard,8,4,1,Infected,1,20,0,0,1162.68,0.121517433372835,0.0898914082319864,0.00184779830460013
M+ Met STD 8,M+,Metsch,Standard,8,4,2,Infected,1,20,0,0,1237.95,0.771863237442971,0.503656158126876,NA
M+ Met STD 8,M+,Metsch,Standard,8,4,3,Infected,1,20,8,8,NA,NA,NA,0.00363070069437339
M+ Met STD 8,M+,Metsch,Standard,8,4,3.5,Infected,1,20,0,8,NA,NA,NA,NA
M+ Met STD 9,M+,Metsch,Standard,9,4,1,Exposed,0,23,0,0,923.03,0.0799637886611921,0.0938559326366075,0.00140613588112958
M+ Met STD 9,M+,Metsch,Standard,9,4,2,Exposed,0,23,0,0,1186.3,-0.0619274418209709,-0.0440041948615877,NA
M+ Met STD 9,M+,Metsch,Standard,9,4,3,Exposed,0,23,4,4,1494.81,-0.497279837867322,-0.222550647467509,0.00450670098561736
M+ Met STD 9,M+,Metsch,Standard,9,4,3.5,Exposed,0,23,11,15,1506.61,NA,NA,NA
M+ Uninf MID 1,M+,Uninfected,Mid37,1,3,1,Uninfected,0,23,0,0,849.64,-0.0592576942948806,-0.082087087825804,-0.000768982813171887
M+ Uninf MID 1,M+,Uninfected,Mid37,1,3,2,Uninfected,0,23,0,0,1011.86,-0.0821249721385216,-0.080211082795784,0.00429698985240308
M+ Uninf MID 1,M+,Uninfected,Mid37,1,3,3,Uninfected,0,23,0,0,1218.76,-0.0470657473482484,-0.0316860844159728,0.000798608714199742
M+ Uninf MID 1,M+,Uninfected,Mid37,1,3,3.5,Uninfected,0,23,1,1,1276.68,NA,NA,NA
M+ Uninf MID 10,M+,Uninfected,Mid37,10,4,1,Uninfected,0,23,0,0,979.97,-0.106026096101922,-0.110404610364064,-8.76173893436429e-07
M+ Uninf MID 10,M+,Uninfected,Mid37,10,4,2,Uninfected,0,23,0,0,1172.57,0.171783449442108,0.124940650258662,NA
M+ Uninf MID 10,M+,Uninfected,Mid37,10,4,3,Uninfected,0,23,1,1,1303.22,-0.0573315008064301,-0.0337565332007306,0.0012076394878243
M+ Uninf MID 10,M+,Uninfected,Mid37,10,4,3.5,Uninfected,0,23,0,1,1358.09,NA,NA,NA
M+ Uninf MID 2,M+,Uninfected,Mid37,2,3,1,Uninfected,0,23,0,0,868.73,0.0202667931276785,0.0268543964321022,-0.00040123440126589
M+ Uninf MID 2,M+,Uninfected,Mid37,2,3,2,Uninfected,0,23,0,0,1072.88,0.201563864882558,0.175109770212513,0.000948777083147615
M+ Uninf MID 2,M+,Uninfected,Mid37,2,3,3,Uninfected,0,23,1,1,1256.1,0,0,-0.000395288896273118
M+ Uninf MID 2,M+,Uninfected,Mid37,2,3,3.5,Uninfected,0,23,2,3,1288.25,NA,NA,NA
M+ Uninf MID 3,M+,Uninfected,Mid37,3,3,1,Uninfected,0,23,0,0,899.92,-0.207025414921741,-0.255632375738024,-0.00141428833868555
M+ Uninf MID 3,M+,Uninfected,Mid37,3,3,2,Uninfected,0,23,0,0,1108.87,0.1088745451421,0.0885452127257217,-0.00149448908564375
M+ Uninf MID 3,M+,Uninfected,Mid37,3,3,3,Uninfected,0,23,1,1,1267.08,0.0983901798791026,0.0612835172310251,0.00115608023253327
M+ Uninf MID 3,M+,Uninfected,Mid37,3,3,3.5,Uninfected,0,23,4,5,1298.87,NA,NA,NA
M+ Uninf MID 4,M+,Uninfected,Mid37,4,3,1,Uninfected,0,23,0,0,911.45,-0.134901359673844,-0.16238676438168,0.00156486467521772
M+ Uninf MID 4,M+,Uninfected,Mid37,4,3,2,Uninfected,0,23,0,0,1082.33,0.0865069957383125,0.0738468265796175,0.00281695750691035
M+ Uninf MID 4,M+,Uninfected,Mid37,4,3,3,Uninfected,0,23,1,1,1213.84,0.0815762451787927,0.0553657034147828,0.000519421773473466
M+ Uninf MID 4,M+,Uninfected,Mid37,4,3,3.5,Uninfected,0,23,2,3,1277.93,NA,NA,NA
M+ Uninf MID 5,M+,Uninfected,Mid37,5,3,1,Uninfected,0,23,0,0,773.01,0,0,-0.00131607957414855
M+ Uninf MID 5,M+,Uninfected,Mid37,5,3,2,Uninfected,0,23,0,0,1020.48,0,0,-0.00205438253738905
M+ Uninf MID 5,M+,Uninfected,Mid37,5,3,3,Uninfected,0,23,0,0,1156.13,0.167425401764557,0.12525873124979,0.0012666877049763
M+ Uninf MID 5,M+,Uninfected,Mid37,5,3,3.5,Uninfected,0,23,2,2,1235.73,NA,NA,NA
M+ Uninf MID 6,M+,Uninfected,Mid37,6,4,1,Uninfected,0,23,0,0,845.7,-0.0853682164628464,-0.119361301853179,0.000743418064992691
M+ Uninf MID 6,M+,Uninfected,Mid37,6,4,2,Uninfected,0,23,0,0,1049.24,0.251332630153139,0.228296471162878,NA
M+ Uninf MID 6,M+,Uninfected,Mid37,6,4,3,Uninfected,0,23,0,0,1273.21,0.0195610870198394,0.0120668219085811,0.00132344410803374
M+ Uninf MID 6,M+,Uninfected,Mid37,6,4,3.5,Uninfected,0,23,2,2,1272.41,NA,NA,NA
M+ Uninf MID 7,M+,Uninfected,Mid37,7,4,1,Uninfected,0,23,0,0,871.49,0.235430286234321,0.309982741163821,0.00183784341586188
M+ Uninf MID 7,M+,Uninfected,Mid37,7,4,2,Uninfected,0,23,0,0,1070.93,-0.2379683357985,-0.207489920430454,NA
M+ Uninf MID 7,M+,Uninfected,Mid37,7,4,3,Uninfected,0,23,1,1,1216.23,0.163381544853938,0.110451488964429,0.00154333946175783
M+ Uninf MID 7,M+,Uninfected,Mid37,7,4,3.5,Uninfected,0,23,2,3,1239.03,NA,NA,NA
M+ Uninf MID 8,M+,Uninfected,Mid37,8,4,1,Uninfected,0,23,0,0,832.78,0.0671111613451691,0.0967685382910325,-0.000888275246432127
M+ Uninf MID 8,M+,Uninfected,Mid37,8,4,2,Uninfected,0,23,0,0,1042.64,0.224382681319643,0.206405168911475,NA
M+ Uninf MID 8,M+,Uninfected,Mid37,8,4,3,Uninfected,0,23,2,2,1246.5,-0.0384410944863925,-0.0247406541679028,0.00310247212659076
M+ Uninf MID 8,M+,Uninfected,Mid37,8,4,3.5,Uninfected,0,23,0,2,1235.09,NA,NA,NA
M+ Uninf MID 9,M+,Uninfected,Mid37,9,4,1,Uninfected,0,23,0,0,1026.8,-0.166466195773108,-0.157889894585441,0.00249760206006893
M+ Uninf MID 9,M+,Uninfected,Mid37,9,4,2,Uninfected,0,23,0,0,1129.3,0.071417319551728,0.0559995954827943,NA
M+ Uninf MID 9,M+,Uninfected,Mid37,9,4,3,Uninfected,0,23,2,2,1373.64,-0.0193322971292415,-0.0102456048879347,0.00237458389733779
M+ Uninf MID 9,M+,Uninfected,Mid37,9,4,3.5,Uninfected,0,23,1,3,1342.21,NA,NA,NA
M+ Uninf STD 1,M+,Uninfected,Standard,1,3,1,Uninfected,0,23,0,0,947.6,-0.207025414921741,-0.23055447683359,0.00211317083219126
M+ Uninf STD 1,M+,Uninfected,Standard,1,3,2,Uninfected,0,23,1,1,1166.37,0.351358438067988,0.258272226449407,0.00115414246984428
M+ Uninf STD 1,M+,Uninfected,Standard,1,3,3,Uninfected,0,23,2,3,1342.12,0.0983901798791026,0.0546221836636539,0.00329404058602776
M+ Uninf STD 1,M+,Uninfected,Standard,1,3,3.5,Uninfected,0,23,10,13,1403.04,NA,NA,NA
M+ Uninf STD 10,M+,Uninfected,Standard,10,4,1,Uninfected,0,23,0,0,1026.98,-0.2247343188424,-0.213081343301218,0.00189302146815952
M+ Uninf STD 10,M+,Uninfected,Standard,10,4,2,Uninfected,0,23,1,1,1256.28,-0.0968860116371749,-0.0613886646600321,NA
M+ Uninf STD 10,M+,Uninfected,Standard,10,4,3,Uninfected,0,23,5,6,1552.15,-0.333453954795134,-0.138410326811737,0.0043267873190687
M+ Uninf STD 10,M+,Uninfected,Standard,10,4,3.5,Uninfected,0,23,13,19,1560.33,NA,NA,NA
M+ Uninf STD 2,M+,Uninfected,Standard,2,3,1,Uninfected,0,23,0,0,930.95,-0.241867051901676,-0.279076969625833,-2.65920111273471e-05
M+ Uninf STD 2,M+,Uninfected,Standard,2,3,2,Uninfected,0,23,0,0,1184.17,0.177890136091499,0.126859722949563,0.00401574147973176
M+ Uninf STD 2,M+,Uninfected,Standard,2,3,3,Uninfected,0,23,9,9,1514.18,-0.343373931522878,-0.149765682508335,0.00463799621488958
M+ Uninf STD 2,M+,Uninfected,Standard,2,3,3.5,Uninfected,0,23,7,16,1582.98,NA,NA,NA
M+ Uninf STD 3,M+,Uninfected,Standard,3,3,1,Uninfected,0,23,0,0,973.88,-0.0975408145900298,-0.102843176943583,0.00705870588594076
M+ Uninf STD 3,M+,Uninfected,Standard,3,3,2,Uninfected,0,23,0,0,1216.16,0,0,0.00744626148367022
M+ Uninf STD 3,M+,Uninfected,Standard,3,3,3,Uninfected,0,23,5,5,1484.97,0.203064724119321,0.0920871697914139,0.00433607040906534
M+ Uninf STD 3,M+,Uninfected,Standard,3,3,3.5,Uninfected,0,23,11,16,1504.29,NA,NA,NA
M+ Uninf STD 4,M+,Uninfected,Standard,4,3,1,Uninfected,NA,11,0,0,951.02,-0.0397557063772679,-0.043956203349742,1.56079623397472e-05
M+ Uninf STD 4,M+,Uninfected,Standard,4,3,2,Uninfected,NA,11,1,1,NA,NA,NA,NA
M+ Uninf STD 4,M+,Uninfected,Standard,4,3,3,Uninfected,NA,11,0,1,NA,NA,NA,NA
M+ Uninf STD 4,M+,Uninfected,Standard,4,3,3.5,Uninfected,NA,11,0,1,NA,NA,NA,NA
M+ Uninf STD 5,M+,Uninfected,Standard,5,3,1,Uninfected,0,23,0,0,1026.33,-0.258998580873126,-0.245880075108699,-0.000311371137899244
M+ Uninf STD 5,M+,Uninfected,Standard,5,3,2,Uninfected,0,23,1,1,1261.5,0.249974075395554,0.157079843887636,0.00195798849800151
M+ Uninf STD 5,M+,Uninfected,Standard,5,3,3,Uninfected,0,23,4,5,1386.35,0.203064724119321,0.105654673415497,0.00214728182726848
M+ Uninf STD 5,M+,Uninfected,Standard,5,3,3.5,Uninfected,0,23,4,9,1472.43,NA,NA,NA
M+ Uninf STD 6,M+,Uninfected,Standard,6,4,1,Uninfected,0,23,0,0,984.07,0,0,0.000806759849504915
M+ Uninf STD 6,M+,Uninfected,Standard,6,4,2,Uninfected,0,23,1,1,1171.69,-0.0231271222694944,-0.0168459749165756,NA
M+ Uninf STD 6,M+,Uninfected,Standard,6,4,3,Uninfected,0,23,2,3,1428.29,-0.148674771343702,-0.0728793495937792,0.00337109908622798
M+ Uninf STD 6,M+,Uninfected,Standard,6,4,3.5,Uninfected,0,23,8,11,1496.98,NA,NA,NA
M+ Uninf STD 7,M+,Uninfected,Standard,7,4,1,Uninfected,0,23,0,0,1124.34,-0.0432458060791805,-0.0342096533433445,0.00320498972780408
M+ Uninf STD 7,M+,Uninfected,Standard,7,4,2,Uninfected,0,23,1,1,1227.65,0.251332630153139,0.166763015531213,NA
M+ Uninf STD 7,M+,Uninfected,Standard,7,4,3,Uninfected,0,23,4,5,1489.19,-0.183844024975578,-0.0828990010333938,0.00185482619246566
M+ Uninf STD 7,M+,Uninfected,Standard,7,4,3.5,Uninfected,0,23,10,15,1515.78,NA,NA,NA
M+ Uninf STD 8,M+,Uninfected,Standard,8,4,1,Uninfected,0,23,0,0,927.7,-0.106026096101922,-0.123196298018765,0.00206912910051987
M+ Uninf STD 8,M+,Uninfected,Standard,8,4,2,Uninfected,0,23,1,1,1164.55,0.146106780472316,0.107734324150371,NA
M+ Uninf STD 8,M+,Uninfected,Standard,8,4,3,Uninfected,0,23,7,8,1408.82,-0.218280532253003,-0.109977536527755,0.00300217489023286
M+ Uninf STD 8,M+,Uninfected,Standard,8,4,3.5,Uninfected,0,23,4,12,1421.7,NA,NA,NA
M+ Uninf STD 9,M+,Uninfected,Standard,9,4,1,Uninfected,0,23,0,0,939.83,-0.0432458060791805,-0.0489604486460059,0.0025235705448907
M+ Uninf STD 9,M+,Uninfected,Standard,9,4,2,Uninfected,0,23,0,0,1233.76,0.224382681319643,0.14741034474611,NA
M+ Uninf STD 9,M+,Uninfected,Standard,9,4,3,Uninfected,0,23,5,5,1548.61,-0.235233425091332,-0.0980877818221853,0.00437280409367071
M+ Uninf STD 9,M+,Uninfected,Standard,9,4,3.5,Uninfected,0,23,11,16,1586.96,NA,NA,NA
S Met MID 1,S,Metsch,Mid37,1,3,1,Infected,1,18,0,0,1001.62,0.208604461571084,0.20793022195986,0.00159860454096079
S Met MID 1,S,Metsch,Mid37,1,3,2,Infected,1,18,2,2,1230.18,0.149096819116113,0.0985215087579732,0.00215063975219094
S Met MID 1,S,Metsch,Mid37,1,3,3,Infected,1,18,5,7,NA,NA,NA,NA
S Met MID 1,S,Metsch,Mid37,1,3,3.5,Infected,1,18,0,7,NA,NA,NA,NA
S Met MID 10,S,Metsch,Mid37,10,4,1,Infected,1,21,0,0,921.17,0.123322273970888,0.145332235101447,0.00296542642133728
S Met MID 10,S,Metsch,Mid37,10,4,2,Infected,1,21,0,0,1220.18,0.14409731826909,0.0967850088399441,0.00123870525010573
S Met MID 10,S,Metsch,Mid37,10,4,3,Infected,1,21,5,5,1307.39,0.0334288244244497,0.0195573850638837,9.54944630281559e-05
S Met MID 10,S,Metsch,Mid37,10,4,3.5,Infected,1,21,0,5,NA,NA,NA,NA
S Met MID 11,S,Metsch,Mid37,11,5,1,Exposed,NA,9,0,0,NA,NA,NA,NA
S Met MID 11,S,Metsch,Mid37,11,5,2,Exposed,NA,9,0,0,NA,NA,NA,NA
S Met MID 11,S,Metsch,Mid37,11,5,3,Exposed,NA,9,0,0,NA,NA,NA,NA
S Met MID 11,S,Metsch,Mid37,11,5,3.5,Exposed,NA,9,0,0,NA,NA,NA,NA
S Met MID 12,S,Metsch,Mid37,12,5,1,Exposed,NA,9,0,0,NA,NA,NA,NA
S Met MID 12,S,Metsch,Mid37,12,5,2,Exposed,NA,9,0,0,NA,NA,NA,NA
S Met MID 12,S,Metsch,Mid37,12,5,3,Exposed,NA,9,0,0,NA,NA,NA,NA
S Met MID 12,S,Metsch,Mid37,12,5,3.5,Exposed,NA,9,0,0,NA,NA,NA,NA
S Met MID 13,S,Metsch,Mid37,13,5,1,Infected,1,14,0,0,NA,NA,NA,NA
S Met MID 13,S,Metsch,Mid37,13,5,2,Infected,1,14,1,1,NA,NA,NA,NA
S Met MID 13,S,Metsch,Mid37,13,5,3,Infected,1,14,0,1,NA,NA,NA,NA
S Met MID 13,S,Metsch,Mid37,13,5,3.5,Infected,1,14,0,1,NA,NA,NA,NA
S Met MID 14,S,Metsch,Mid37,14,5,1,Exposed,NA,9,0,0,NA,NA,NA,NA
S Met MID 14,S,Metsch,Mid37,14,5,2,Exposed,NA,9,0,0,NA,NA,NA,NA
S Met MID 14,S,Metsch,Mid37,14,5,3,Exposed,NA,9,0,0,NA,NA,NA,NA
S Met MID 14,S,Metsch,Mid37,14,5,3.5,Exposed,NA,9,0,0,NA,NA,NA,NA
S Met MID 15,S,Metsch,Mid37,15,5,1,Exposed,NA,9,0,0,NA,NA,NA,NA
S Met MID 15,S,Metsch,Mid37,15,5,2,Exposed,NA,9,0,0,NA,NA,NA,NA
S Met MID 15,S,Metsch,Mid37,15,5,3,Exposed,NA,9,0,0,NA,NA,NA,NA
S Met MID 15,S,Metsch,Mid37,15,5,3.5,Exposed,NA,9,0,0,NA,NA,NA,NA
S Met MID 16,S,Metsch,Mid37,16,5,1,Exposed,NA,11,0,0,NA,NA,NA,NA
S Met MID 16,S,Metsch,Mid37,16,5,2,Exposed,NA,11,1,1,NA,NA,NA,NA
S Met MID 16,S,Metsch,Mid37,16,5,3,Exposed,NA,11,0,1,NA,NA,NA,NA
S Met MID 16,S,Metsch,Mid37,16,5,3.5,Exposed,NA,11,0,1,NA,NA,NA,NA
S Met MID 17,S,Metsch,Mid37,17,5,1,Infected,1,15,0,0,NA,NA,NA,NA
S Met MID 17,S,Metsch,Mid37,17,5,2,Infected,1,15,2,2,NA,NA,NA,NA
S Met MID 17,S,Metsch,Mid37,17,5,3,Infected,1,15,3,5,NA,NA,NA,NA
S Met MID 17,S,Metsch,Mid37,17,5,3.5,Infected,1,15,0,5,NA,NA,NA,NA
S Met MID 18,S,Metsch,Mid37,18,5,1,Exposed,NA,11,0,0,NA,NA,NA,NA
S Met MID 18,S,Metsch,Mid37,18,5,2,Exposed,NA,11,1,1,NA,NA,NA,NA
S Met MID 18,S,Metsch,Mid37,18,5,3,Exposed,NA,11,0,1,NA,NA,NA,NA
S Met MID 18,S,Metsch,Mid37,18,5,3.5,Exposed,NA,11,0,1,NA,NA,NA,NA
S Met MID 19,S,Metsch,Mid37,19,5,1,Infected,1,22,0,0,NA,NA,NA,NA
S Met MID 19,S,Metsch,Mid37,19,5,2,Infected,1,22,3,3,NA,NA,NA,NA
S Met MID 19,S,Metsch,Mid37,19,5,3,Infected,1,22,5,8,NA,NA,NA,NA
S Met MID 19,S,Metsch,Mid37,19,5,3.5,Infected,1,22,0,8,NA,NA,NA,NA
S Met MID 2,S,Metsch,Mid37,2,3,1,Exposed,0,23,0,0,1063.67,0.185647037049493,0.164087009972918,0.00483022552823375
S Met MID 2,S,Metsch,Mid37,2,3,2,Exposed,0,23,0,0,1383.07,0.28644991821916,0.149747775681811,0.00484728653850705
S Met MID 2,S,Metsch,Mid37,2,3,3,Exposed,0,23,10,10,1549.46,0.253864595308009,0.10574050950551,0.00509122335388215
S Met MID 2,S,Metsch,Mid37,2,3,3.5,Exposed,0,23,0,10,1596.21,NA,NA,NA
S Met MID 20,S,Metsch,Mid37,20,5,1,Exposed,NA,9,0,0,NA,NA,NA,NA
S Met MID 20,S,Metsch,Mid37,20,5,2,Exposed,NA,9,0,0,NA,NA,NA,NA
S Met MID 20,S,Metsch,Mid37,20,5,3,Exposed,NA,9,0,0,NA,NA,NA,NA
S Met MID 20,S,Metsch,Mid37,20,5,3.5,Exposed,NA,9,0,0,NA,NA,NA,NA
S Met MID 3,S,Metsch,Mid37,3,3,1,Infected,1,18,0,0,978.65,0.118785945277177,0.124025291714869,0.00512301347652554
S Met MID 3,S,Metsch,Mid37,3,3,2,Infected,1,18,1,1,1175.28,0.259779469856808,0.188071130327406,0.000264483329697979
S Met MID 3,S,Metsch,Mid37,3,3,3,Infected,1,18,3,4,NA,NA,NA,NA
S Met MID 3,S,Metsch,Mid37,3,3,3.5,Infected,1,18,0,4,NA,NA,NA,NA
S Met MID 4,S,Metsch,Mid37,4,3,1,Infected,1,15,0,0,997.74,0.320580526224099,0.322034477237918,0.000170860598753609
S Met MID 4,S,Metsch,Mid37,4,3,2,Infected,1,15,1,1,1221.06,0.132730063530172,0.0890215789396374,0.000186628942606524
S Met MID 4,S,Metsch,Mid37,4,3,3,Infected,1,15,3,4,NA,NA,NA,NA
S Met MID 4,S,Metsch,Mid37,4,3,3.5,Infected,1,15,0,4,NA,NA,NA,NA
S Met MID 5,S,Metsch,Mid37,5,3,1,Infected,1,19,0,0,899.64,0.304069631687029,0.375695102992201,0.00111409869046779
S Met MID 5,S,Metsch,Mid37,5,3,2,Infected,1,19,0,0,1164.29,0.224898415900692,0.165906752238816,-0.00210551080130348
S Met MID 5,S,Metsch,Mid37,5,3,3,Infected,1,19,3,3,NA,NA,NA,NA
S Met MID 5,S,Metsch,Mid37,5,3,3.5,Infected,1,19,0,3,NA,NA,NA,NA
S Met MID 6,S,Metsch,Mid37,6,4,1,Exposed,0,23,0,0,1112.49,0.192696973294275,0.155697866476442,0.00156762485506833
S Met MID 6,S,Metsch,Mid37,6,4,2,Exposed,0,23,0,0,1258.7,-0.0152382104180084,-0.00961810473325622,0.00331638104706617
S Met MID 6,S,Metsch,Mid37,6,4,3,Exposed,0,23,9,9,1492.53,0.334718787323819,0.150256736142069,0.00146288102968107
S Met MID 6,S,Metsch,Mid37,6,4,3.5,Exposed,0,23,2,11,1509.48,NA,NA,NA
S Met MID 7,S,Metsch,Mid37,7,4,1,Infected,1,16,0,0,941.97,0.298565433254321,0.336484747036602,0.00172531818746748
S Met MID 7,S,Metsch,Mid37,7,4,2,Infected,1,16,1,1,1184.7,0.0231329330803682,0.0164821523668267,0.00721349563589127
S Met MID 7,S,Metsch,Mid37,7,4,3,Infected,1,16,3,4,NA,NA,NA,NA
S Met MID 7,S,Metsch,Mid37,7,4,3.5,Infected,1,16,0,4,NA,NA,NA,NA
S Met MID 8,S,Metsch,Mid37,8,4,1,Infected,1,18,0,0,1106.57,0.086048628016354,0.0702726233125915,0.00299136464151833
S Met MID 8,S,Metsch,Mid37,8,4,2,Infected,1,18,3,3,1290.94,0.0545064873017701,0.0327066511818562,0.00120291693860494
S Met MID 8,S,Metsch,Mid37,8,4,3,Infected,1,18,4,7,NA,NA,NA,NA
S Met MID 8,S,Metsch,Mid37,8,4,3.5,Infected,1,18,0,7,NA,NA,NA,NA
S Met MID 9,S,Metsch,Mid37,9,4,1,Exposed,NA,11,0,0,1056.91,0.0609849299238252,0.0545942010906357,0.0017652342592114
S Met MID 9,S,Metsch,Mid37,9,4,2,Exposed,NA,11,0,0,NA,NA,NA,NA
S Met MID 9,S,Metsch,Mid37,9,4,3,Exposed,NA,11,0,0,NA,NA,NA,NA
S Met MID 9,S,Metsch,Mid37,9,4,3.5,Exposed,NA,11,0,0,NA,NA,NA,NA
S Met STD 1,S,Metsch,Standard,1,3,1,Infected,1,16,0,0,1033.96,-0.0785858345304134,-0.0735083701772062,0.00267043069598783
S Met STD 1,S,Metsch,Standard,1,3,2,Infected,1,16,2,2,1339.11,0.417168730667915,0.232637242563443,0.00491378202056307
S Met STD 1,S,Metsch,Standard,1,3,3,Infected,1,16,9,11,NA,NA,NA,NA
S Met STD 1,S,Metsch,Standard,1,3,3.5,Infected,1,16,0,11,NA,NA,NA,NA
S Met STD 10,S,Metsch,Standard,10,4,1,Infected,1,18,0,0,1264.86,0.232586578593823,0.145378349141948,0.00149132343675961
S Met STD 10,S,Metsch,Standard,10,4,2,Infected,1,18,4,4,1394.62,-0.0747799645627033,-0.0384479755164801,0.00288999444586008
S Met STD 10,S,Metsch,Standard,10,4,3,Infected,1,18,12,16,NA,NA,NA,NA
S Met STD 10,S,Metsch,Standard,10,4,3.5,Infected,1,18,0,16,NA,NA,NA,NA
S Met STD 11,S,Metsch,Standard,11,5,1,Exposed,NA,9,0,0,NA,NA,NA,NA
S Met STD 11,S,Metsch,Standard,11,5,2,Exposed,NA,9,0,0,NA,NA,NA,NA
S Met STD 11,S,Metsch,Standard,11,5,3,Exposed,NA,9,0,0,NA,NA,NA,NA
S Met STD 11,S,Metsch,Standard,11,5,3.5,Exposed,NA,9,0,0,NA,NA,NA,NA
S Met STD 12,S,Metsch,Standard,12,5,1,Exposed,NA,9,0,0,NA,NA,NA,NA
S Met STD 12,S,Metsch,Standard,12,5,2,Exposed,NA,9,0,0,NA,NA,NA,NA
S Met STD 12,S,Metsch,Standard,12,5,3,Exposed,NA,9,0,0,NA,NA,NA,NA
S Met STD 12,S,Metsch,Standard,12,5,3.5,Exposed,NA,9,0,0,NA,NA,NA,NA
S Met STD 13,S,Metsch,Standard,13,5,1,Infected,1,15,0,0,NA,NA,NA,NA
S Met STD 13,S,Metsch,Standard,13,5,2,Infected,1,15,2,2,NA,NA,NA,NA
S Met STD 13,S,Metsch,Standard,13,5,3,Infected,1,15,5,7,NA,NA,NA,NA
S Met STD 13,S,Metsch,Standard,13,5,3.5,Infected,1,15,0,7,NA,NA,NA,NA
S Met STD 14,S,Metsch,Standard,14,5,1,Exposed,NA,9,0,0,NA,NA,NA,NA
S Met STD 14,S,Metsch,Standard,14,5,2,Exposed,NA,9,0,0,NA,NA,NA,NA
S Met STD 14,S,Metsch,Standard,14,5,3,Exposed,NA,9,0,0,NA,NA,NA,NA
S Met STD 14,S,Metsch,Standard,14,5,3.5,Exposed,NA,9,0,0,NA,NA,NA,NA
S Met STD 15,S,Metsch,Standard,15,5,1,Exposed,NA,9,0,0,NA,NA,NA,NA
S Met STD 15,S,Metsch,Standard,15,5,2,Exposed,NA,9,0,0,NA,NA,NA,NA
S Met STD 15,S,Metsch,Standard,15,5,3,Exposed,NA,9,0,0,NA,NA,NA,NA
S Met STD 15,S,Metsch,Standard,15,5,3.5,Exposed,NA,9,0,0,NA,NA,NA,NA
S Met STD 16,S,Metsch,Standard,16,5,1,Exposed,NA,9,0,0,NA,NA,NA,NA
S Met STD 16,S,Metsch,Standard,16,5,2,Exposed,NA,9,0,0,NA,NA,NA,NA
S Met STD 16,S,Metsch,Standard,16,5,3,Exposed,NA,9,0,0,NA,NA,NA,NA
S Met STD 16,S,Metsch,Standard,16,5,3.5,Exposed,NA,9,0,0,NA,NA,NA,NA
S Met STD 17,S,Metsch,Standard,17,5,1,Exposed,NA,9,0,0,NA,NA,NA,NA
S Met STD 17,S,Metsch,Standard,17,5,2,Exposed,NA,9,0,0,NA,NA,NA,NA
S Met STD 17,S,Metsch,Standard,17,5,3,Exposed,NA,9,0,0,NA,NA,NA,NA
S Met STD 17,S,Metsch,Standard,17,5,3.5,Exposed,NA,9,0,0,NA,NA,NA,NA
S Met STD 18,S,Metsch,Standard,18,5,1,Exposed,NA,9,0,0,NA,NA,NA,NA
S Met STD 18,S,Metsch,Standard,18,5,2,Exposed,NA,9,0,0,NA,NA,NA,NA
S Met STD 18,S,Metsch,Standard,18,5,3,Exposed,NA,9,0,0,NA,NA,NA,NA
S Met STD 18,S,Metsch,Standard,18,5,3.5,Exposed,NA,9,0,0,NA,NA,NA,NA
S Met STD 19,S,Metsch,Standard,19,5,1,Infected,1,16,0,0,NA,NA,NA,NA
S Met STD 19,S,Metsch,Standard,19,5,2,Infected,1,16,2,2,NA,NA,NA,NA
S Met STD 19,S,Metsch,Standard,19,5,3,Infected,1,16,10,12,NA,NA,NA,NA
S Met STD 19,S,Metsch,Standard,19,5,3.5,Infected,1,16,0,12,NA,NA,NA,NA
S Met STD 2,S,Metsch,Standard,2,3,1,Exposed,NA,11,0,0,1106.13,-0.207027436598357,-0.169205923373291,0.00277348605281477
S Met STD 2,S,Metsch,Standard,2,3,2,Exposed,NA,11,0,0,NA,NA,NA,NA
S Met STD 2,S,Metsch,Standard,2,3,3,Exposed,NA,11,0,0,NA,NA,NA,NA
S Met STD 2,S,Metsch,Standard,2,3,3.5,Exposed,NA,11,0,0,NA,NA,NA,NA
S Met STD 20,S,Metsch,Standard,20,5,1,Infected,1,15,0,0,NA,NA,NA,NA
S Met STD 20,S,Metsch,Standard,20,5,2,Infected,1,15,2,2,NA,NA,NA,NA
S Met STD 20,S,Metsch,Standard,20,5,3,Infected,1,15,9,11,NA,NA,NA,NA
S Met STD 20,S,Metsch,Standard,20,5,3.5,Infected,1,15,0,11,NA,NA,NA,NA
S Met STD 3,S,Metsch,Standard,3,3,1,Infected,1,16,0,0,1066.17,-0.218712012228467,-0.19240649132772,0.00193193656201291
S Met STD 3,S,Metsch,Standard,3,3,2,Infected,1,16,2,2,1336.01,0.0610885955920484,0.034224784582621,0.0035068877940117
S Met STD 3,S,Metsch,Standard,3,3,3,Infected,1,16,7,9,NA,NA,NA,NA
S Met STD 3,S,Metsch,Standard,3,3,3.5,Infected,1,16,0,9,NA,NA,NA,NA
S Met STD 4,S,Metsch,Standard,4,3,1,Infected,1,17,0,0,1087.4,-0.513974847501258,-0.434673544954884,0.00195138688174615
S Met STD 4,S,Metsch,Standard,4,3,2,Infected,1,17,2,2,1394.93,0.10049170078945,0.0516446534536868,0.000790998954027508
S Met STD 4,S,Metsch,Standard,4,3,3,Infected,1,17,10,12,NA,NA,NA,NA
S Met STD 4,S,Metsch,Standard,4,3,3.5,Infected,1,17,0,12,NA,NA,NA,NA
S Met STD 5,S,Metsch,Standard,5,3,1,Infected,1,20,0,0,1089.93,-0.320015365897336,-0.269385129827591,0.00322270323425234
S Met STD 5,S,Metsch,Standard,5,3,2,Infected,1,20,3,3,1262.56,0.124609207933143,0.0781710748256941,0.0103621433001884
S Met STD 5,S,Metsch,Standard,5,3,3,Infected,1,20,8,11,NA,NA,NA,NA
S Met STD 5,S,Metsch,Standard,5,3,3.5,Infected,1,20,0,11,NA,NA,NA,NA
S Met STD 6,S,Metsch,Standard,6,4,1,Infected,1,18,0,0,1025.06,0.177016925904867,0.168467534840308,0.0010169463156328
S Met STD 6,S,Metsch,Standard,6,4,2,Infected,1,18,2,2,1250.31,0.177961016176359,0.113838579415952,0.00459635343373763
S Met STD 6,S,Metsch,Standard,6,4,3,Infected,1,18,6,8,NA,NA,NA,NA
S Met STD 6,S,Metsch,Standard,6,4,3.5,Infected,1,18,0,8,NA,NA,NA,NA
S Met STD 7,S,Metsch,Standard,7,4,1,Infected,1,16,0,0,1225.96,0.20853304361762,0.138746578123799,0.00163223618111787
S Met STD 7,S,Metsch,Standard,7,4,2,Infected,1,16,0,0,1406.27,0.24791751379849,0.125363117611225,0.00474640835890832
S Met STD 7,S,Metsch,Standard,7,4,3,Infected,1,16,9,9,NA,NA,NA,NA
S Met STD 7,S,Metsch,Standard,7,4,3.5,Infected,1,16,0,9,NA,NA,NA,NA
S Met STD 8,S,Metsch,Standard,8,4,1,Infected,1,18,0,0,1163.09,0.341235869515313,0.252248175020383,0.00415606786534198
S Met STD 8,S,Metsch,Standard,8,4,2,Infected,1,18,1,1,1276.51,-0.0452860418605624,-0.02779175169715,0.00139983055213208
S Met STD 8,S,Metsch,Standard,8,4,3,Infected,1,18,4,5,NA,NA,NA,NA
S Met STD 8,S,Metsch,Standard,8,4,3.5,Infected,1,18,0,5,NA,NA,NA,NA
S Met STD 9,S,Metsch,Standard,9,4,1,Infected,1,19,0,0,1201.78,0.376215561905937,0.260487454286649,0.00345307507613218
S Met STD 9,S,Metsch,Standard,9,4,2,Infected,1,19,1,1,1326.55,0.00767387562158888,0.00436081344450624,0.00338695856359644
S Met STD 9,S,Metsch,Standard,9,4,3,Infected,1,19,6,7,NA,NA,NA,NA
S Met STD 9,S,Metsch,Standard,9,4,3.5,Infected,1,19,0,7,NA,NA,NA,NA
S Uninf MID 1,S,Uninfected,Mid37,1,3,1,Uninfected,0,23,0,0,913.61,-0.00689810876351814,-0.00826434328405402,0.000947027895945337
S Uninf MID 1,S,Uninfected,Mid37,1,3,2,Uninfected,0,23,3,3,1121.83,0.218980383170423,0.174000746650711,0.00191320636935985
S Uninf MID 1,S,Uninfected,Mid37,1,3,3,Uninfected,0,23,2,5,1420.13,0.127363599352816,0.0631522924316486,0.00471824465619829
S Uninf MID 1,S,Uninfected,Mid37,1,3,3.5,Uninfected,0,23,5,10,1479.17,NA,NA,NA
S Uninf MID 10,S,Uninfected,Mid37,10,4,1,Uninfected,0,23,0,0,924.53,-0.10091994973759,-0.118068761951459,0.0018616118166383
S Uninf MID 10,S,Uninfected,Mid37,10,4,2,Uninfected,0,23,1,1,1277.71,-0.499203967887488,-0.305783073131347,0.00428832191288592
S Uninf MID 10,S,Uninfected,Mid37,10,4,3,Uninfected,0,23,5,6,1429.73,0.461485521420912,0.22576157173876,0.00481475933631481
S Uninf MID 10,S,Uninfected,Mid37,10,4,3.5,Uninfected,0,23,5,11,1468.13,NA,NA,NA
S Uninf MID 2,S,Uninfected,Mid37,2,3,1,Uninfected,0,23,0,0,987.4,0.0420320297004556,0.0431115975617836,0.00224949536337163
S Uninf MID 2,S,Uninfected,Mid37,2,3,2,Uninfected,0,23,7,7,1346.65,0.105856471540045,0.0583724528346127,0.00505686733540557
S Uninf MID 2,S,Uninfected,Mid37,2,3,3,Uninfected,0,23,1,8,1618.64,0.726879833194358,0.27743553268588,0.00499901244484072
S Uninf MID 2,S,Uninfected,Mid37,2,3,3.5,Uninfected,0,23,9,17,1666.83,NA,NA,NA
S Uninf MID 3,S,Uninfected,Mid37,3,3,1,Uninfected,0,23,0,0,867.39,0.0278969942213499,0.0370790493192449,0.00251206858148979
S Uninf MID 3,S,Uninfected,Mid37,3,3,2,Uninfected,0,23,2,2,1204.79,0.0561536613685818,0.0386861374402518,0.00811564721884711
S Uninf MID 3,S,Uninfected,Mid37,3,3,3,Uninfected,0,23,3,5,1472.72,0.623715785331561,0.287571846553516,0.00341763909324557
S Uninf MID 3,S,Uninfected,Mid37,3,3,3.5,Uninfected,0,23,7,12,1529.6,NA,NA,NA
S Uninf MID 4,S,Uninfected,Mid37,4,3,1,Uninfected,0,23,0,0,1011.5,0.262581284154478,0.256644518980296,0.000403401547854214
S Uninf MID 4,S,Uninfected,Mid37,4,3,2,Uninfected,0,23,2,2,1299.57,-0.0694958420180405,-0.0411490171661414,0.000677397819584878
S Uninf MID 4,S,Uninfected,Mid37,4,3,3,Uninfected,0,23,9,11,1395.65,NA,NA,0.00365108586260376
S Uninf MID 4,S,Uninfected,Mid37,4,3,3.5,Uninfected,0,23,0,11,1483.53,NA,NA,NA
S Uninf MID 5,S,Uninfected,Mid37,5,3,1,Uninfected,0,23,0,0,1016.76,0.107249586067106,0.103742980216102,0.00150280556698235
S Uninf MID 5,S,Uninfected,Mid37,5,3,2,Uninfected,0,23,2,2,1198.15,-0.00786804189998496,-0.0054808041056681,0.00113276293293251
S Uninf MID 5,S,Uninfected,Mid37,5,3,3,Uninfected,0,23,5,7,1498.945,0.533349754041367,0.240275516015462,0.00637295939739803
S Uninf MID 5,S,Uninfected,Mid37,5,3,3.5,Uninfected,0,23,6,13,1568.82,NA,NA,NA
S Uninf MID 6,S,Uninfected,Mid37,6,4,1,Uninfected,0,23,0,0,943.05,0.291817383324086,0.328126812788458,0.00258500737408761
S Uninf MID 6,S,Uninfected,Mid37,6,4,2,Uninfected,0,23,2,2,1211.25,-0.5250916779721,-0.357904826613826,0.00201224244278271
S Uninf MID 6,S,Uninfected,Mid37,6,4,3,Uninfected,0,23,5,7,1381.12,0.266484317244092,0.139703995488629,0.00383660830802285
S Uninf MID 6,S,Uninfected,Mid37,6,4,3.5,Uninfected,0,23,5,12,1453.49,NA,NA,NA
S Uninf MID 7,S,Uninfected,Mid37,7,4,1,Uninfected,0,23,0,0,1153.16,0.0838433648421648,0.0630506488677765,0.000609784657950973
S Uninf MID 7,S,Uninfected,Mid37,7,4,2,Uninfected,0,23,4,4,1441.21,-0.505714216461894,-0.243472900092101,0.00355195012320857
S Uninf MID 7,S,Uninfected,Mid37,7,4,3,Uninfected,0,23,6,10,1591.14,0.430394397117207,0.170000352401891,0.00438022835377491
S Uninf MID 7,S,Uninfected,Mid37,7,4,3.5,Uninfected,0,23,7,17,1653.72,NA,NA,NA
S Uninf MID 8,S,Uninfected,Mid37,8,4,1,Uninfected,0,23,0,0,999.57,0.35505235453576,0.355357896621179,-7.25574403403569e-05
S Uninf MID 8,S,Uninfected,Mid37,8,4,2,Uninfected,0,23,5,5,1250.15,-0.600395024872858,-0.384160611839875,0.0040126730129052
S Uninf MID 8,S,Uninfected,Mid37,8,4,3,Uninfected,0,23,2,7,1459.43,0.612698946906972,0.287660741219593,0.00439169427020314
S Uninf MID 8,S,Uninfected,Mid37,8,4,3.5,Uninfected,0,23,6,13,1528.99,NA,NA,NA
S Uninf MID 9,S,Uninfected,Mid37,9,4,1,Uninfected,0,23,0,0,959.73,-0.0655783428831903,-0.0711970988161329,0.00297463141040283
S Uninf MID 9,S,Uninfected,Mid37,9,4,2,Uninfected,0,23,3,3,1262.55,-0.5250916779721,-0.329410897926217,0.00250114875881339
S Uninf MID 9,S,Uninfected,Mid37,9,4,3,Uninfected,0,23,3,6,1464.02,0.346374867776848,0.161604092097672,0.00406830806419839
S Uninf MID 9,S,Uninfected,Mid37,9,4,3.5,Uninfected,0,23,7,13,1522.54,NA,NA,NA
S Uninf STD 1,S,Uninfected,Standard,1,3,1,Uninfected,0,23,0,0,1192.06,0.144677179297248,0.101813133121931,0.00360738940377916
S Uninf STD 1,S,Uninfected,Standard,1,3,2,Uninfected,0,23,9,9,1438.46,0.157104691985151,0.0759265341831556,0.00233298161118449
S Uninf STD 1,S,Uninfected,Standard,1,3,3,Uninfected,0,23,4,13,1618.66,0.467042569598772,0.178256427231367,0.00679862903960693
S Uninf STD 1,S,Uninfected,Standard,1,3,3.5,Uninfected,0,23,10,23,1684.12,NA,NA,NA
S Uninf STD 10,S,Uninfected,Standard,10,4,1,Uninfected,0,15,0,0,1139.82,0.222384883253655,0.171171996533594,0.000242672246127362
S Uninf STD 10,S,Uninfected,Standard,10,4,2,Uninfected,0,15,2,2,1327.01,-0.183766694774986,-0.104356237616624,0.00577905285702125
S Uninf STD 10,S,Uninfected,Standard,10,4,3,Uninfected,0,15,6,8,NA,NA,NA,NA
S Uninf STD 10,S,Uninfected,Standard,10,4,3.5,Uninfected,0,15,0,8,NA,NA,NA,NA
S Uninf STD 2,S,Uninfected,Standard,2,3,1,Uninfected,0,23,0,0,1064.87,0.144677179297248,0.127587124261707,0.00231349770935144
S Uninf STD 2,S,Uninfected,Standard,2,3,2,Uninfected,0,23,3,3,1432.17,0.165803137755773,0.0808357739390563,0.0051172581963403
S Uninf STD 2,S,Uninfected,Standard,2,3,3,Uninfected,0,23,10,13,1525.6,0.409552694480722,0.17596586448847,0.00303707852661504
S Uninf STD 2,S,Uninfected,Standard,2,3,3.5,Uninfected,0,23,4,17,1578.36,NA,NA,NA
S Uninf STD 3,S,Uninfected,Standard,3,3,1,Uninfected,0,23,0,0,1041.75,0.114664650941659,0.105658036345806,0.002943852167022
S Uninf STD 3,S,Uninfected,Standard,3,3,2,Uninfected,0,23,2,2,1379.29,-0.150639150971586,-0.0791820395823803,0.00181508834212273
S Uninf STD 3,S,Uninfected,Standard,3,3,3,Uninfected,0,23,10,12,1505.5,0.341891930082509,0.150843753390236,0.00549238559893217
S Uninf STD 3,S,Uninfected,Standard,3,3,3.5,Uninfected,0,23,2,14,1607.76,NA,NA,NA
S Uninf STD 4,S,Uninfected,Standard,4,3,1,Uninfected,0,23,0,0,1148.68,0.363665408671416,0.275615650323697,0.00166627602561636
S Uninf STD 4,S,Uninfected,Standard,4,3,2,Uninfected,0,23,4,4,1539.12,0.0238320052338958,0.0100604086586033,0.00979708919328648
S Uninf STD 4,S,Uninfected,Standard,4,3,3,Uninfected,0,23,17,21,1651.43,0.208760898857924,0.0765471134979376,0.0066808607300706
S Uninf STD 4,S,Uninfected,Standard,4,3,3.5,Uninfected,0,23,11,32,1805.85,NA,NA,NA
S Uninf STD 5,S,Uninfected,Standard,5,3,1,Uninfected,NA,11,0,0,1097.74,0.0925228430660812,0.0767803328245097,0.00299596692853387
S Uninf STD 5,S,Uninfected,Standard,5,3,2,Uninfected,NA,11,0,0,NA,NA,NA,NA
S Uninf STD 5,S,Uninfected,Standard,5,3,3,Uninfected,NA,11,0,0,NA,NA,NA,NA
S Uninf STD 5,S,Uninfected,Standard,5,3,3.5,Uninfected,NA,11,0,0,NA,NA,NA,NA
S Uninf STD 6,S,Uninfected,Standard,6,4,1,Uninfected,0,23,0,0,1252.22,0.0916800629569926,0.0584673797432214,0.00263477779057803
S Uninf STD 6,S,Uninfected,Standard,6,4,2,Uninfected,0,23,0,0,1344.81,0.0630589608862131,0.0348678324382712,0.00391499449610706
S Uninf STD 6,S,Uninfected,Standard,6,4,3,Uninfected,0,23,16,16,1602.93,0.369940733309477,0.143980288308562,0.00504964592535458
S Uninf STD 6,S,Uninfected,Standard,6,4,3.5,Uninfected,0,23,5,21,1643.22,NA,NA,NA
S Uninf STD 7,S,Uninfected,Standard,7,4,1,Uninfected,NA,6,0,0,NA,NA,NA,NA
S Uninf STD 7,S,Uninfected,Standard,7,4,2,Uninfected,NA,6,0,0,NA,NA,NA,NA
S Uninf STD 7,S,Uninfected,Standard,7,4,3,Uninfected,NA,6,0,0,NA,NA,NA,NA
S Uninf STD 7,S,Uninfected,Standard,7,4,3.5,Uninfected,NA,6,0,0,NA,NA,NA,NA
S Uninf STD 8,S,Uninfected,Standard,8,4,1,Uninfected,0,23,0,0,1244.38,0.274184679116811,0.177066800069858,0.00192867361920805
S Uninf STD 8,S,Uninfected,Standard,8,4,2,Uninfected,0,23,3,3,1368.9,0.0815292183112971,0.0435080712842355,0.00516778623588974
S Uninf STD 8,S,Uninfected,Standard,8,4,3,Uninfected,0,23,14,17,1558.36,0.0675593543298739,0.0278195375230291,0.00393240179583646
S Uninf STD 8,S,Uninfected,Standard,8,4,3.5,Uninfected,0,23,2,19,1532.54,NA,NA,NA
S Uninf STD 9,S,Uninfected,Standard,9,4,1,Uninfected,0,23,0,0,1070.29,0.239472236279392,0.209050992795942,0.000869130660809084
S Uninf STD 9,S,Uninfected,Standard,9,4,2,Uninfected,0,23,4,4,1486.82,-0.0776759750967873,-0.0351374244684152,0.0102829888684834
S Uninf STD 9,S,Uninfected,Standard,9,4,3,Uninfected,0,23,16,20,1702,0.44897764235887,0.154990687101671,0.00853667592939785
S Uninf STD 9,S,Uninfected,Standard,9,4,3.5,Uninfected,0,23,14,34,1663.44,NA,NA,NA
S:M Met MID 1,SM,Metsch,Mid37,1,3,1,Exposed,0,23,0,0,809.71,0.031349805745931,0.0478162868711376,NA
S:M Met MID 1,SM,Metsch,Mid37,1,3,2,Exposed,0,23,0,0,1066.24,0.466242990035373,0.410111901864364,0.00615805003569777
S:M Met MID 1,SM,Metsch,Mid37,1,3,3,Exposed,0,23,2,2,1213.44,0.294859660583215,0.200252869192954,0.00128680142860632
S:M Met MID 1,SM,Metsch,Mid37,1,3,3.5,Exposed,0,23,2,4,1260.54,NA,NA,NA
S:M Met MID 10,SM,Metsch,Mid37,10,4,1,Exposed,NA,11,0,0,884.68,0.297208779149751,0.379742508756843,0.00360998107517639
S:M Met MID 10,SM,Metsch,Mid37,10,4,2,Exposed,NA,11,0,0,NA,NA,NA,NA
S:M Met MID 10,SM,Metsch,Mid37,10,4,3,Exposed,NA,11,0,0,NA,NA,NA,NA
S:M Met MID 10,SM,Metsch,Mid37,10,4,3.5,Exposed,NA,11,0,0,NA,NA,NA,NA
S:M Met MID 11,SM,Metsch,Mid37,11,5,1,Exposed,NA,9,0,0,NA,NA,NA,NA
S:M Met MID 11,SM,Metsch,Mid37,11,5,2,Exposed,NA,9,0,0,NA,NA,NA,NA
S:M Met MID 11,SM,Metsch,Mid37,11,5,3,Exposed,NA,9,0,0,NA,NA,NA,NA
S:M Met MID 11,SM,Metsch,Mid37,11,5,3.5,Exposed,NA,9,0,0,NA,NA,NA,NA
S:M Met MID 12,SM,Metsch,Mid37,12,5,1,Exposed,NA,9,0,0,NA,NA,NA,NA
S:M Met MID 12,SM,Metsch,Mid37,12,5,2,Exposed,NA,9,0,0,NA,NA,NA,NA
S:M Met MID 12,SM,Metsch,Mid37,12,5,3,Exposed,NA,9,0,0,NA,NA,NA,NA
S:M Met MID 12,SM,Metsch,Mid37,12,5,3.5,Exposed,NA,9,0,0,NA,NA,NA,NA
S:M Met MID 13,SM,Metsch,Mid37,13,5,1,Exposed,0,23,0,0,NA,NA,NA,NA
S:M Met MID 13,SM,Metsch,Mid37,13,5,2,Exposed,0,23,1,1,NA,NA,NA,NA
S:M Met MID 13,SM,Metsch,Mid37,13,5,3,Exposed,0,23,2,3,NA,NA,NA,NA
S:M Met MID 13,SM,Metsch,Mid37,13,5,3.5,Exposed,0,23,4,7,NA,NA,NA,NA
S:M Met MID 14,SM,Metsch,Mid37,14,5,1,Exposed,0,23,0,0,NA,NA,NA,NA
S:M Met MID 14,SM,Metsch,Mid37,14,5,2,Exposed,0,23,0,0,NA,NA,NA,NA
S:M Met MID 14,SM,Metsch,Mid37,14,5,3,Exposed,0,23,4,4,NA,NA,NA,NA
S:M Met MID 14,SM,Metsch,Mid37,14,5,3.5,Exposed,0,23,3,7,NA,NA,NA,NA
S:M Met MID 15,SM,Metsch,Mid37,15,5,1,Exposed,0,23,0,0,NA,NA,NA,NA
S:M Met MID 15,SM,Metsch,Mid37,15,5,2,Exposed,0,23,0,0,NA,NA,NA,NA
S:M Met MID 15,SM,Metsch,Mid37,15,5,3,Exposed,0,23,2,2,NA,NA,NA,NA
S:M Met MID 15,SM,Metsch,Mid37,15,5,3.5,Exposed,0,23,3,5,NA,NA,NA,NA
S:M Met MID 16,SM,Metsch,Mid37,16,5,1,Exposed,NA,9,0,0,NA,NA,NA,NA
S:M Met MID 16,SM,Metsch,Mid37,16,5,2,Exposed,NA,9,0,0,NA,NA,NA,NA
S:M Met MID 16,SM,Metsch,Mid37,16,5,3,Exposed,NA,9,0,0,NA,NA,NA,NA
S:M Met MID 16,SM,Metsch,Mid37,16,5,3.5,Exposed,NA,9,0,0,NA,NA,NA,NA
S:M Met MID 17,SM,Metsch,Mid37,17,5,1,Exposed,NA,9,0,0,NA,NA,NA,NA
S:M Met MID 17,SM,Metsch,Mid37,17,5,2,Exposed,NA,9,0,0,NA,NA,NA,NA
S:M Met MID 17,SM,Metsch,Mid37,17,5,3,Exposed,NA,9,0,0,NA,NA,NA,NA
S:M Met MID 17,SM,Metsch,Mid37,17,5,3.5,Exposed,NA,9,0,0,NA,NA,NA,NA
S:M Met MID 18,SM,Metsch,Mid37,18,5,1,Exposed,0,23,0,0,NA,NA,NA,NA
S:M Met MID 18,SM,Metsch,Mid37,18,5,2,Exposed,0,23,0,0,NA,NA,NA,NA
S:M Met MID 18,SM,Metsch,Mid37,18,5,3,Exposed,0,23,2,2,NA,NA,NA,NA
S:M Met MID 18,SM,Metsch,Mid37,18,5,3.5,Exposed,0,23,3,5,NA,NA,NA,NA
S:M Met MID 19,SM,Metsch,Mid37,19,5,1,Exposed,0,23,0,0,NA,NA,NA,NA
S:M Met MID 19,SM,Metsch,Mid37,19,5,2,Exposed,0,23,0,0,NA,NA,NA,NA
S:M Met MID 19,SM,Metsch,Mid37,19,5,3,Exposed,0,23,2,2,NA,NA,NA,NA
S:M Met MID 19,SM,Metsch,Mid37,19,5,3.5,Exposed,0,23,3,5,NA,NA,NA,NA
S:M Met MID 2,SM,Metsch,Mid37,2,3,1,Exposed,NA,13,0,0,834.71,0.0419392328975882,0.0601934519331494,0.0020428509674438
S:M Met MID 2,SM,Metsch,Mid37,2,3,1,Exposed,NA,13,0,0,834.71,0.0419392328975882,0.0601934519331494,0.00029869997389174
S:M Met MID 2,SM,Metsch,Mid37,2,3,2,Exposed,NA,13,0,0,NA,NA,NA,NA
S:M Met MID 2,SM,Metsch,Mid37,2,3,3,Exposed,NA,13,0,0,NA,NA,NA,NA
S:M Met MID 2,SM,Metsch,Mid37,2,3,3.5,Exposed,NA,13,0,0,NA,NA,NA,NA
S:M Met MID 20,SM,Metsch,Mid37,20,5,1,Exposed,NA,9,0,0,NA,NA,NA,NA
S:M Met MID 20,SM,Metsch,Mid37,20,5,2,Exposed,NA,9,0,0,NA,NA,NA,NA
S:M Met MID 20,SM,Metsch,Mid37,20,5,3,Exposed,NA,9,0,0,NA,NA,NA,NA
S:M Met MID 20,SM,Metsch,Mid37,20,5,3.5,Exposed,NA,9,0,0,NA,NA,NA,NA
S:M Met MID 3,SM,Metsch,Mid37,3,3,1,Exposed,0,23,0,0,885.42,0.031349805745931,0.0399885999128817,0.00245764810094334
S:M Met MID 3,SM,Metsch,Mid37,3,3,2,Exposed,0,23,0,0,1164.53,0.546040945406872,0.402646425288814,0.00053768716584864
S:M Met MID 3,SM,Metsch,Mid37,3,3,3,Exposed,0,23,1,1,1310.08,0.0975899675053397,0.0568603515015201,0.00159827990534519
S:M Met MID 3,SM,Metsch,Mid37,3,3,3.5,Exposed,0,23,3,4,1322.81,NA,NA,NA
S:M Met MID 4,SM,Metsch,Mid37,4,3,1,Exposed,0,23,0,0,926.03,0.0525999698601381,0.0613388151042898,0.000902488060667719
S:M Met MID 4,SM,Metsch,Mid37,4,3,2,Exposed,0,23,0,0,1125.12,0.215571119344717,0.170291467216886,-0.00164960844198025
S:M Met MID 4,SM,Metsch,Mid37,4,3,3,Exposed,0,23,3,3,1276.71,0.422124784964344,0.258974099891182,0.00067743475106813
S:M Met MID 4,SM,Metsch,Mid37,4,3,3.5,Exposed,0,23,2,5,1327.85,NA,NA,NA
S:M Met MID 5,SM,Metsch,Mid37,5,3,1,Exposed,0,23,0,0,968.14,0.174865956038487,0.186564470011303,0.00356351707574702
S:M Met MID 5,SM,Metsch,Mid37,5,3,2,Exposed,0,23,0,0,1163.26,0.453335664065424,0.335016577189838,3.06907157307217e-05
S:M Met MID 5,SM,Metsch,Mid37,5,3,3,Exposed,0,23,3,3,1301.86,0.412694725162523,0.243500776917197,0.00148353732691483
S:M Met MID 5,SM,Metsch,Mid37,5,3,3.5,Exposed,0,23,1,4,1314.13,NA,NA,NA
S:M Met MID 6,SM,Metsch,Mid37,6,4,1,Infected,1,23,0,0,787.99,0.176261163134538,0.283867203569533,0.00348103401839976
S:M Met MID 6,SM,Metsch,Mid37,6,4,2,Infected,1,23,0,0,923.73,0.310889199045177,0.364347284539919,0.00254375227421913
S:M Met MID 6,SM,Metsch,Mid37,6,4,3,Infected,1,23,0,0,1165.86,0.0461581809363407,0.0339590772504284,0.00253839782992264
S:M Met MID 6,SM,Metsch,Mid37,6,4,3.5,Infected,1,23,0,0,1182.53,NA,NA,NA
S:M Met MID 7,SM,Metsch,Mid37,7,4,1,Exposed,0,16,0,0,837.86,0.0967414177921835,0.137806446186383,0.00120041068607508
S:M Met MID 7,SM,Metsch,Mid37,7,4,2,Exposed,0,16,0,0,1026.12,0.389234505428459,0.369670698669259,0.00273347398851373
S:M Met MID 7,SM,Metsch,Mid37,7,4,3,Exposed,0,16,0,0,NA,NA,NA,NA
S:M Met MID 7,SM,Metsch,Mid37,7,4,3.5,Exposed,0,16,0,0,NA,NA,NA,NA
S:M Met MID 8,SM,Metsch,Mid37,8,4,1,Exposed,NA,7,0,0,NA,NA,NA,NA
S:M Met MID 8,SM,Metsch,Mid37,8,4,2,Exposed,NA,7,0,0,NA,NA,NA,NA
S:M Met MID 8,SM,Metsch,Mid37,8,4,3,Exposed,NA,7,0,0,NA,NA,NA,NA
S:M Met MID 8,SM,Metsch,Mid37,8,4,3.5,Exposed,NA,7,0,0,NA,NA,NA,NA
S:M Met MID 9,SM,Metsch,Mid37,9,4,1,Exposed,NA,7,0,0,863.7,NA,NA,NA
S:M Met MID 9,SM,Metsch,Mid37,9,4,2,Exposed,NA,7,0,0,NA,NA,NA,NA
S:M Met MID 9,SM,Metsch,Mid37,9,4,3,Exposed,NA,7,0,0,NA,NA,NA,NA
S:M Met MID 9,SM,Metsch,Mid37,9,4,3.5,Exposed,NA,7,0,0,NA,NA,NA,NA
S:M Met STD 1,SM,Metsch,Standard,1,3,1,Infected,1,23,0,0,1006.54,0.031349805745931,0.0309437381378972,0.000346298204706643
S:M Met STD 1,SM,Metsch,Standard,1,3,2,Infected,1,23,0,0,1266.98,0.378080912133138,0.235529458354151,0.00551240247050905
S:M Met STD 1,SM,Metsch,Standard,1,3,3,Infected,1,23,7,7,1421.32,0.666703172658021,0.330026480039432,0.00155905671966976
S:M Met STD 1,SM,Metsch,Standard,1,3,3.5,Infected,1,23,2,9,1483.46,NA,NA,NA
S:M Met STD 10,SM,Metsch,Standard,10,4,1,Infected,1,18,0,0,1083.72,0.199728419607457,0.170061376081124,0.0017863064079547
S:M Met STD 10,SM,Metsch,Standard,10,4,2,Infected,1,18,0,0,1258.46,0.273138465500957,0.172466215273567,0.00202404190489807
S:M Met STD 10,SM,Metsch,Standard,10,4,3,Infected,1,18,6,6,NA,NA,NA,NA
S:M Met STD 10,SM,Metsch,Standard,10,4,3.5,Infected,1,18,0,6,NA,NA,NA,NA
S:M Met STD 11,SM,Metsch,Standard,11,5,1,Exposed,NA,9,0,0,NA,NA,NA,NA
S:M Met STD 11,SM,Metsch,Standard,11,5,2,Exposed,NA,9,0,0,NA,NA,NA,NA
S:M Met STD 11,SM,Metsch,Standard,11,5,3,Exposed,NA,9,0,0,NA,NA,NA,NA
S:M Met STD 11,SM,Metsch,Standard,11,5,3.5,Exposed,NA,9,0,0,NA,NA,NA,NA
S:M Met STD 12,SM,Metsch,Standard,12,5,1,Infected,1,23,0,0,NA,NA,NA,NA
S:M Met STD 12,SM,Metsch,Standard,12,5,2,Infected,1,23,1,1,NA,NA,NA,NA
S:M Met STD 12,SM,Metsch,Standard,12,5,3,Infected,1,23,9,10,NA,NA,NA,NA
S:M Met STD 12,SM,Metsch,Standard,12,5,3.5,Infected,1,23,0,10,NA,NA,NA,NA
S:M Met STD 13,SM,Metsch,Standard,13,5,1,Exposed,NA,9,0,0,NA,NA,NA,NA
S:M Met STD 13,SM,Metsch,Standard,13,5,2,Exposed,NA,9,0,0,NA,NA,NA,NA
S:M Met STD 13,SM,Metsch,Standard,13,5,3,Exposed,NA,9,0,0,NA,NA,NA,NA
S:M Met STD 13,SM,Metsch,Standard,13,5,3.5,Exposed,NA,9,0,0,NA,NA,NA,NA
S:M Met STD 14,SM,Metsch,Standard,14,5,1,Exposed,NA,8,0,0,NA,NA,NA,NA
S:M Met STD 14,SM,Metsch,Standard,14,5,2,Exposed,NA,8,0,0,NA,NA,NA,NA
S:M Met STD 14,SM,Metsch,Standard,14,5,3,Exposed,NA,8,0,0,NA,NA,NA,NA
S:M Met STD 14,SM,Metsch,Standard,14,5,3.5,Exposed,NA,8,0,0,NA,NA,NA,NA
S:M Met STD 15,SM,Metsch,Standard,15,5,1,Exposed,NA,9,0,0,NA,NA,NA,NA
S:M Met STD 15,SM,Metsch,Standard,15,5,2,Exposed,NA,9,0,0,NA,NA,NA,NA
S:M Met STD 15,SM,Metsch,Standard,15,5,3,Exposed,NA,9,0,0,NA,NA,NA,NA
S:M Met STD 15,SM,Metsch,Standard,15,5,3.5,Exposed,NA,9,0,0,NA,NA,NA,NA
S:M Met STD 16,SM,Metsch,Standard,16,5,1,Exposed,0,23,0,0,NA,NA,NA,NA
S:M Met STD 16,SM,Metsch,Standard,16,5,2,Exposed,0,23,2,2,NA,NA,NA,NA
S:M Met STD 16,SM,Metsch,Standard,16,5,3,Exposed,0,23,9,11,NA,NA,NA,NA
S:M Met STD 16,SM,Metsch,Standard,16,5,3.5,Exposed,0,23,5,16,NA,NA,NA,NA
S:M Met STD 17,SM,Metsch,Standard,17,5,1,Exposed,NA,9,0,0,NA,NA,NA,NA
S:M Met STD 17,SM,Metsch,Standard,17,5,2,Exposed,NA,9,0,0,NA,NA,NA,NA
S:M Met STD 17,SM,Metsch,Standard,17,5,3,Exposed,NA,9,0,0,NA,NA,NA,NA
S:M Met STD 17,SM,Metsch,Standard,17,5,3.5,Exposed,NA,9,0,0,NA,NA,NA,NA
S:M Met STD 18,SM,Metsch,Standard,18,5,1,Exposed,NA,9,0,0,NA,NA,NA,NA
S:M Met STD 18,SM,Metsch,Standard,18,5,2,Exposed,NA,9,0,0,NA,NA,NA,NA
S:M Met STD 18,SM,Metsch,Standard,18,5,3,Exposed,NA,9,0,0,NA,NA,NA,NA
S:M Met STD 18,SM,Metsch,Standard,18,5,3.5,Exposed,NA,9,0,0,NA,NA,NA,NA
S:M Met STD 19,SM,Metsch,Standard,19,5,1,Exposed,NA,8,0,0,NA,NA,NA,NA
S:M Met STD 19,SM,Metsch,Standard,19,5,2,Exposed,NA,8,0,0,NA,NA,NA,NA
S:M Met STD 19,SM,Metsch,Standard,19,5,3,Exposed,NA,8,0,0,NA,NA,NA,NA
S:M Met STD 19,SM,Metsch,Standard,19,5,3.5,Exposed,NA,8,0,0,NA,NA,NA,NA
S:M Met STD 2,SM,Metsch,Standard,2,3,1,Exposed,0,22,0,0,959.61,-0.194491303069145,-0.211208141928237,0.0010308943959295
S:M Met STD 2,SM,Metsch,Standard,2,3,2,Exposed,0,22,2,2,1321.06,0.215571119344717,0.123522334512238,0.000568691090032005
S:M Met STD 2,SM,Metsch,Standard,2,3,3,Exposed,0,22,7,9,1435.45,0.591468646024771,0.287048702544924,0.00108656896339407
S:M Met STD 2,SM,Metsch,Standard,2,3,3.5,Exposed,0,22,2,11,NA,NA,NA,NA
S:M Met STD 20,SM,Metsch,Standard,20,5,1,Uninfected,0,23,0,0,NA,NA,NA,NA
S:M Met STD 20,SM,Metsch,Standard,20,5,2,Uninfected,0,23,0,0,NA,NA,NA,NA
S:M Met STD 20,SM,Metsch,Standard,20,5,3,Uninfected,0,23,8,8,NA,NA,NA,NA
S:M Met STD 20,SM,Metsch,Standard,20,5,3.5,Uninfected,0,23,12,20,NA,NA,NA,NA
S:M Met STD 3,SM,Metsch,Standard,3,3,1,Exposed,0,23,0,0,1056.48,-0.109913202794348,-0.0984752978898093,0.00220366049738681
S:M Met STD 3,SM,Metsch,Standard,3,3,2,Exposed,0,23,1,1,1338.27,0.182868485436333,0.102106028198005,0.000937523144017178
S:M Met STD 3,SM,Metsch,Standard,3,3,3,Exposed,0,23,6,7,1492.31,0.549998407836085,0.246969506460757,0.00378504810574421
S:M Met STD 3,SM,Metsch,Standard,3,3,3.5,Exposed,0,23,12,19,1665.93,NA,NA,NA
S:M Met STD 4,SM,Metsch,Standard,4,3,1,Exposed,0,23,0,0,973.68,-0.0904882541001828,-0.0954464346267396,0.00165609509872704
S:M Met STD 4,SM,Metsch,Standard,4,3,2,Exposed,0,23,4,4,1283.9,0,0,0.00368636662742168
S:M Met STD 4,SM,Metsch,Standard,4,3,3,Exposed,0,23,6,10,1582.53,0.209721547129702,0.0837411941243021,0.00498979322261571
S:M Met STD 4,SM,Metsch,Standard,4,3,3.5,Exposed,0,23,11,21,1601.91,NA,NA,NA
S:M Met STD 5,SM,Metsch,Standard,5,3,1,Exposed,NA,12,0,0,998.85,-0.0806856626786713,-0.0808715603147568,0.00291010635765797
S:M Met STD 5,SM,Metsch,Standard,5,3,2,Exposed,NA,12,2,2,NA,NA,NA,NA
S:M Met STD 5,SM,Metsch,Standard,5,3,3,Exposed,NA,12,0,2,NA,NA,NA,NA
S:M Met STD 5,SM,Metsch,Standard,5,3,3.5,Exposed,NA,12,0,2,NA,NA,NA,NA
S:M Met STD 6,SM,Metsch,Standard,6,4,1,Exposed,0,23,0,0,1184.74,0.259952347239659,0.185202839081621,0.00193844176794947
S:M Met STD 6,SM,Metsch,Standard,6,4,2,Exposed,0,23,0,0,1308.22,0.429927173423123,0.251207919555732,0.00384062225293876
S:M Met STD 6,SM,Metsch,Standard,6,4,3,Exposed,0,23,9,9,1287.93,0.122930238886648,0.0741095552101256,0.00688338216701458
S:M Met STD 6,SM,Metsch,Standard,6,4,3.5,Exposed,0,23,14,23,1655.24,NA,NA,NA
S:M Met STD 7,SM,Metsch,Standard,7,4,1,Exposed,0,23,0,0,1052.3,0.211592746981156,0.19108281736524,0.00180496122478197
S:M Met STD 7,SM,Metsch,Standard,7,4,2,Exposed,0,23,2,2,1296.62,-0.0912828847895185,-0.0542955109146756,0.00772440001481678
S:M Met STD 7,SM,Metsch,Standard,7,4,3,Exposed,0,23,7,9,1220.24,0.0368182514473884,0.0247270692363373,0.00598491314704468
S:M Met STD 7,SM,Metsch,Standard,7,4,3.5,Exposed,0,23,8,17,1570.39,NA,NA,NA
S:M Met STD 8,SM,Metsch,Standard,8,4,1,Exposed,NA,11,0,0,1178.97,0.387680072250622,0.278912494141853,0.00276636995182489
S:M Met STD 8,SM,Metsch,Standard,8,4,2,Exposed,NA,11,0,0,NA,NA,NA,NA
S:M Met STD 8,SM,Metsch,Standard,8,4,3,Exposed,NA,11,0,0,NA,NA,NA,NA
S:M Met STD 8,SM,Metsch,Standard,8,4,3.5,Exposed,NA,11,0,0,NA,NA,NA,NA
S:M Met STD 9,SM,Metsch,Standard,9,4,1,Exposed,0,23,0,0,1058.35,0.153134023821932,0.136714023917466,0.003118006367604
S:M Met STD 9,SM,Metsch,Standard,9,4,2,Exposed,0,23,0,0,1246.98,0.310889199045177,0.199934001457996,0.00150652850539917
S:M Met STD 9,SM,Metsch,Standard,9,4,3,Exposed,0,23,8,8,1239.61,-0.0884651056376624,-0.0575707461673029,0.00359522856124804
S:M Met STD 9,SM,Metsch,Standard,9,4,3.5,Exposed,0,23,12,20,1595.57,NA,NA,NA
S:M Uninf MID 1,SM,Uninfected,Mid37,1,3,1,Uninfected,0,23,0,0,734.11,0,0,0.000562376361970063
S:M Uninf MID 1,SM,Uninfected,Mid37,1,3,2,Uninfected,0,23,0,0,1011.22,0.340454431992184,0.332941315424564,-0.000862801598822198
S:M Uninf MID 1,SM,Uninfected,Mid37,1,3,3,Uninfected,0,23,2,2,1255.3,0.155876763351372,0.0989205043150286,0.000780410282747453
S:M Uninf MID 1,SM,Uninfected,Mid37,1,3,3.5,Uninfected,0,23,2,4,1296.33,NA,NA,NA
S:M Uninf MID 10,SM,Uninfected,Mid37,10,4,1,Uninfected,0,23,0,0,902.36,0.400929082221342,0.492388485835312,0.00113522558478329
S:M Uninf MID 10,SM,Uninfected,Mid37,10,4,2,Uninfected,0,23,0,0,1140.71,0.02243782134985,0.0172436892683277,0.00156486837389337
S:M Uninf MID 10,SM,Uninfected,Mid37,10,4,3,Uninfected,0,23,3,3,1274.53,0.165358986596582,0.101795288435643,0.000306921605079541
S:M Uninf MID 10,SM,Uninfected,Mid37,10,4,3.5,Uninfected,0,23,4,7,1319.21,NA,NA,NA
S:M Uninf MID 2,SM,Uninfected,Mid37,2,3,1,Uninfected,0,23,0,0,880.09,-0.0638151299681711,-0.0823890481348079,0.00206700848789793
S:M Uninf MID 2,SM,Uninfected,Mid37,2,3,2,Uninfected,0,23,0,0,1111.87,0.509935154229975,0.412483829595882,-0.00244102039182333
S:M Uninf MID 2,SM,Uninfected,Mid37,2,3,3,Uninfected,0,23,1,1,1291.48,0.303869261323257,0.182184489520801,0.00176917955680626
S:M Uninf MID 2,SM,Uninfected,Mid37,2,3,3.5,Uninfected,0,23,3,4,1333.79,NA,NA,NA
S:M Uninf MID 3,SM,Uninfected,Mid37,3,3,1,Uninfected,0,23,0,0,819.07,0.0551339572541868,0.0821820795398876,-3.28120151056557e-05
S:M Uninf MID 3,SM,Uninfected,Mid37,3,3,2,Uninfected,0,23,0,0,1023.46,0.329005422176318,0.314095206028372,0.000395127693701865
S:M Uninf MID 3,SM,Uninfected,Mid37,3,3,3,Uninfected,0,23,1,1,1226.85,0.0917662953050454,0.0609677636014002,0.000828191207540814
S:M Uninf MID 3,SM,Uninfected,Mid37,3,3,3.5,Uninfected,0,23,2,3,1274.83,NA,NA,NA
S:M Uninf MID 4,SM,Uninfected,Mid37,4,3,1,Uninfected,0,23,0,0,839.56,0,0,-0.000160893192422352
S:M Uninf MID 4,SM,Uninfected,Mid37,4,3,2,Uninfected,0,23,0,0,1068.88,0.317637324766518,0.278018456333572,0.00144392031544221
S:M Uninf MID 4,SM,Uninfected,Mid37,4,3,3,Uninfected,0,23,2,2,1280.99,0.134231437473354,0.0818017815333922,0.00186644007089473
S:M Uninf MID 4,SM,Uninfected,Mid37,4,3,3.5,Uninfected,0,23,2,4,1342.13,NA,NA,NA
S:M Uninf MID 5,SM,Uninfected,Mid37,5,3,1,Uninfected,0,23,0,0,891.63,0.0777144699324755,0.0977535513913118,0.000513087041064726
S:M Uninf MID 5,SM,Uninfected,Mid37,5,3,2,Uninfected,0,23,0,0,1105.69,0.582117582940871,0.476150181064814,0.00908056657549786
S:M Uninf MID 5,SM,Uninfected,Mid37,5,3,3,Uninfected,0,23,2,2,1241.26,0.211252842731907,0.137112497346772,0.00120850183547281
S:M Uninf MID 5,SM,Uninfected,Mid37,5,3,3.5,Uninfected,0,23,2,4,1312.43,NA,NA,NA
S:M Uninf MID 6,SM,Uninfected,Mid37,6,4,1,Uninfected,0,23,0,0,899.92,0.230845176339093,0.285044717227269,0.000932362396069561
S:M Uninf MID 6,SM,Uninfected,Mid37,6,4,2,Uninfected,0,23,0,0,1123.17,0.0799449846222604,0.0633724114952876,-0.000508264375034919
S:M Uninf MID 6,SM,Uninfected,Mid37,6,4,3,Uninfected,0,23,1,1,1263.92,0.380458241557258,0.238159452987809,0.00362551410992457
S:M Uninf MID 6,SM,Uninfected,Mid37,6,4,3.5,Uninfected,0,23,0,1,1287.72,NA,NA,NA
S:M Uninf MID 7,SM,Uninfected,Mid37,7,4,1,Uninfected,NA,11,0,0,888.04,0.512096028587604,0.649361223885137,0.00190118297538115
S:M Uninf MID 7,SM,Uninfected,Mid37,7,4,2,Uninfected,NA,11,0,0,NA,NA,NA,NA
S:M Uninf MID 7,SM,Uninfected,Mid37,7,4,3,Uninfected,NA,11,0,0,NA,NA,NA,NA
S:M Uninf MID 7,SM,Uninfected,Mid37,7,4,3.5,Uninfected,NA,11,0,0,NA,NA,NA,NA
S:M Uninf MID 8,SM,Uninfected,Mid37,8,4,1,Uninfected,0,23,0,0,892.66,0.377211383124474,0.473382981837449,-0.000203012103315111
S:M Uninf MID 8,SM,Uninfected,Mid37,8,4,2,Uninfected,0,23,0,0,1089.19,-0.198829253311383,-0.167599605026376,-0.00220146918273903
S:M Uninf MID 8,SM,Uninfected,Mid37,8,4,3,Uninfected,0,23,2,2,1271.19,0.444405056481086,0.275016060194247,0.00269623829763356
S:M Uninf MID 8,SM,Uninfected,Mid37,8,4,3.5,Uninfected,0,23,4,6,1332.04,NA,NA,NA
S:M Uninf MID 9,SM,Uninfected,Mid37,9,4,1,Uninfected,0,23,0,0,852.28,0.617626565013315,0.850278843083716,0.00166328251028694
S:M Uninf MID 9,SM,Uninfected,Mid37,9,4,2,Uninfected,0,23,0,0,1104.76,0.0799449846222604,0.0655021176245584,0.00105847326278913
S:M Uninf MID 9,SM,Uninfected,Mid37,9,4,3,Uninfected,0,23,1,1,1336.08,0.318925098106964,0.178658536359999,0.00327509135073401
S:M Uninf MID 9,SM,Uninfected,Mid37,9,4,3.5,Uninfected,0,23,1,2,1357.12,NA,NA,NA
S:M Uninf STD 1,SM,Uninfected,Standard,1,3,1,Uninfected,0,23,0,0,987.75,0.0551339572541868,0.0565099715290458,0.00350447987357683
S:M Uninf STD 1,SM,Uninfected,Standard,1,3,2,Uninfected,0,23,3,3,1283.27,0.410914414820699,0.249525706222743,0.00901621855910572
S:M Uninf STD 1,SM,Uninfected,Standard,1,3,3,Uninfected,0,23,6,9,1488.99,0.145018961649383,0.0654095602087324,0.00244312615251644
S:M Uninf STD 1,SM,Uninfected,Standard,1,3,3.5,Uninfected,0,23,7,16,1478.76,NA,NA,NA
S:M Uninf STD 10,SM,Uninfected,Standard,10,4,1,Uninfected,0,23,0,0,1130,0.116402583319704,0.0911602970629678,0.000257880214582504
S:M Uninf STD 10,SM,Uninfected,Standard,10,4,2,Uninfected,0,23,0,0,1262.66,0.127482627841037,0.0799609898976914,0.00193717915482885
S:M Uninf STD 10,SM,Uninfected,Standard,10,4,3,Uninfected,0,23,10,10,1516.48,0.193072426327947,0.0839550607710619,0.00422838990123653
S:M Uninf STD 10,SM,Uninfected,Standard,10,4,3.5,Uninfected,0,23,12,22,1597.89,NA,NA,NA
S:M Uninf STD 2,SM,Uninfected,Standard,2,3,1,Uninfected,0,23,0,0,980.86,0.0551339572541868,0.0573066625986078,0.00250546349952652
S:M Uninf STD 2,SM,Uninfected,Standard,2,3,2,Uninfected,0,23,0,0,1248.49,0.21878566919494,0.140361737417532,0.00402824413347342
S:M Uninf STD 2,SM,Uninfected,Standard,2,3,3,Uninfected,0,23,10,10,1456.6,-0.0584855330187832,-0.0275656248280414,0.00299685163009805
S:M Uninf STD 2,SM,Uninfected,Standard,2,3,3.5,Uninfected,0,23,9,19,1498.11,NA,NA,NA
S:M Uninf STD 3,SM,Uninfected,Standard,3,3,1,Uninfected,0,23,0,0,995.7,-0.0215473871989336,-0.021733896852109,0.00241342210715872
S:M Uninf STD 3,SM,Uninfected,Standard,3,3,2,Uninfected,0,23,1,1,1247.29,0.306349004135987,0.196916266025961,0.00204521093608328
S:M Uninf STD 3,SM,Uninfected,Standard,3,3,3,Uninfected,0,23,9,10,1521.81,-0.239823632766782,-0.103555008842435,0.00356264817530913
S:M Uninf STD 3,SM,Uninfected,Standard,3,3,3.5,Uninfected,0,23,10,20,1508.23,NA,NA,NA
S:M Uninf STD 4,SM,Uninfected,Standard,4,3,1,Uninfected,0,23,0,0,965.21,-0.105026067669409,-0.112733626952511,0.0025702946550214
S:M Uninf STD 4,SM,Uninfected,Standard,4,3,2,Uninfected,0,23,4,4,1267.8,0.240233708127056,0.149462571503361,0.00295481413740661
S:M Uninf STD 4,SM,Uninfected,Standard,4,3,3,Uninfected,0,23,6,10,1533.98,-0.282234742202056,-0.119941942562106,0.00359872676842474
S:M Uninf STD 4,SM,Uninfected,Standard,4,3,3.5,Uninfected,0,23,10,20,1545,NA,NA,NA
S:M Uninf STD 5,SM,Uninfected,Standard,5,3,1,Uninfected,0,23,0,0,998.27,-0.0428167358295505,-0.0429652670628401,0.00271114571581544
S:M Uninf STD 5,SM,Uninfected,Standard,5,3,2,Uninfected,0,23,0,0,1282.7,0.0567792741249713,0.034509577849155,0.0142627486616614
S:M Uninf STD 5,SM,Uninfected,Standard,5,3,3,Uninfected,0,23,9,9,1573.99,-0.0963659514813771,-0.0388973196774099,0.00472373272682359
S:M Uninf STD 5,SM,Uninfected,Standard,5,3,3.5,Uninfected,0,23,14,23,1618.42,NA,NA,NA
S:M Uninf STD 6,SM,Uninfected,Standard,6,4,1,Uninfected,0,23,0,0,1145.96,0.319368548270732,0.243194207583379,0.00131290544465427
S:M Uninf STD 6,SM,Uninfected,Standard,6,4,2,Uninfected,0,23,0,0,1344.99,0.0682774562868379,0.0377432437784559,0.0022223335738741
S:M Uninf STD 6,SM,Uninfected,Standard,6,4,3,Uninfected,0,23,10,10,1559.5,0.318925098106964,0.131134794379724,0.00351051775967211
S:M Uninf STD 6,SM,Uninfected,Standard,6,4,3.5,Uninfected,0,23,12,22,1606.32,NA,NA,NA
S:M Uninf STD 7,SM,Uninfected,Standard,7,4,1,Uninfected,0,23,0,0,1125.26,0.342262689194909,0.270304823783024,0.00396267782073031
S:M Uninf STD 7,SM,Uninfected,Standard,7,4,2,Uninfected,0,23,1,1,1354.97,0.02243782134985,0.0122214103509006,0.00325720310850593
S:M Uninf STD 7,SM,Uninfected,Standard,7,4,3,Uninfected,0,23,8,9,1549.77,0.433571562918039,0.180520401421321,0.00590446149581007
S:M Uninf STD 7,SM,Uninfected,Standard,7,4,3.5,Uninfected,0,23,11,20,1602.04,NA,NA,NA
S:M Uninf STD 8,SM,Uninfected,Standard,8,4,1,Uninfected,0,23,0,0,959.93,0.377211383124474,0.409360242117133,0.00111954389055769
S:M Uninf STD 8,SM,Uninfected,Standard,8,4,2,Uninfected,0,23,3,3,1234.02,0.239890482306359,0.157531939763691,0.00167541164986185
S:M Uninf STD 8,SM,Uninfected,Standard,8,4,3,Uninfected,0,23,7,10,1553.26,0.156224874288968,0.0647532942042166,0.00542093668972581
S:M Uninf STD 8,SM,Uninfected,Standard,8,4,3.5,Uninfected,0,23,6,16,1537.23,NA,NA,NA
S:M Uninf STD 9,SM,Uninfected,Standard,9,4,1,Uninfected,0,23,0,0,1158.02,0.274512674328615,0.204705862551999,0.00295444094684451
S:M Uninf STD 9,SM,Uninfected,Standard,9,4,2,Uninfected,0,23,1,1,1415.52,-0.0330790703787205,-0.0165090193369004,0.00361892533926455
S:M Uninf STD 9,SM,Uninfected,Standard,9,4,3,Uninfected,0,23,7,8,1607.51,0.24033471470825,0.0930056087473438,0.0064735767779124
S:M Uninf STD 9,SM,Uninfected,Standard,9,4,3.5,Uninfected,0,23,14,22,1661.55,NA,NA,NA
