Unique.code,Diet,Parasites,Clone,Rep,Block,DateEmerged,DateDied,Lifespan,Censored,Status,Include_Lifespan,Infection,InfectionStatus,Treatment,Total.Babies,lifespan.days,SurvObj,GrowthRate,mature_spores,immature_spores,bud_spores,total_spores,Date,Time,Order,length.um,Embedded.spores,Punctured.spores,Haemoceol.spores,Hemocytes,TotalGutSpores,TotalPunctSpores,HemocytesPerSpore,Clearance.Week1,Clearance_rel.Week1,metabolic.rate.Week1,microcystin.avg
S Uninf MID 1,S,Uninfected,Mid37,1,3,1/4/2022,1/27/2022,23,censored,0,Y,Uninfected,0,1,10,23,23+,29.74571,NA,NA,NA,NA,NA,NA,NA,NA,NA,NA,NA,NA,NA,NA,NA,-0.006898109,-0.008264343,9.47E-04,0.28122736
S Uninf MID 2,S,Uninfected,Mid37,2,3,1/4/2022,1/27/2022,23,censored,0,Y,Uninfected,0,1,17,23,23+,51.32143,NA,NA,NA,NA,NA,NA,NA,NA,NA,NA,NA,NA,NA,NA,NA,0.04203203,0.043111598,2.25E-03,0.28122736
S Uninf MID 3,S,Uninfected,Mid37,3,3,1/4/2022,1/27/2022,23,censored,0,Y,Uninfected,0,1,12,23,23+,48.2,NA,NA,NA,NA,NA,NA,NA,NA,NA,NA,NA,NA,NA,NA,NA,0.027896994,0.037079049,2.51E-03,0.28122736
S Uninf MID 4,S,Uninfected,Mid37,4,3,1/4/2022,1/27/2022,23,censored,0,Y,Uninfected,0,1,11,23,23+,41.15286,NA,NA,NA,NA,NA,NA,NA,NA,NA,NA,NA,NA,NA,NA,NA,0.262581284,0.256644519,4.03E-04,0.28122736
S Uninf MID 5,S,Uninfected,Mid37,5,3,1/4/2022,1/27/2022,23,censored,0,Y,Uninfected,0,1,13,23,23+,25.91286,0,0,0,0,NA,NA,NA,NA,NA,NA,NA,NA,NA,NA,NA,0.107249586,0.10374298,1.50E-03,0.28122736
S Uninf MID 6,S,Uninfected,Mid37,6,4,1/4/2022,1/27/2022,23,censored,0,Y,Uninfected,0,1,12,23,23+,38.31429,NA,NA,NA,NA,NA,NA,NA,NA,NA,NA,NA,NA,NA,NA,NA,0.291817383,0.328126813,2.59E-03,0.28122736
S Uninf MID 7,S,Uninfected,Mid37,7,4,1/4/2022,1/27/2022,23,censored,0,Y,Uninfected,0,1,17,23,23+,41.15,NA,NA,NA,NA,NA,NA,NA,NA,NA,NA,NA,NA,NA,NA,NA,0.083843365,0.063050649,6.10E-04,0.28122736
S Uninf MID 8,S,Uninfected,Mid37,8,4,1/4/2022,1/27/2022,23,censored,0,Y,Uninfected,0,1,13,23,23+,35.79714,0,0,0,0,NA,NA,NA,NA,NA,NA,NA,NA,NA,NA,NA,0.355052355,0.355357897,-7.26E-05,0.28122736
S Uninf MID 9,S,Uninfected,Mid37,9,4,1/4/2022,1/27/2022,23,censored,0,Y,Uninfected,0,1,13,23,23+,43.26,NA,NA,NA,NA,NA,NA,NA,NA,NA,NA,NA,NA,NA,NA,NA,-0.065578343,-0.071197099,2.97E-03,0.28122736
S Uninf MID 10,S,Uninfected,Mid37,10,4,1/4/2022,1/27/2022,23,censored,0,Y,Uninfected,0,1,11,23,23+,50.45429,NA,NA,NA,NA,NA,NA,NA,NA,NA,NA,NA,NA,NA,NA,NA,-0.10091995,-0.118068762,1.86E-03,0.28122736
S:M Uninf MID 1,SM,Uninfected,Mid37,1,3,1/4/2022,1/27/2022,23,censored,0,Y,Uninfected,0,2,4,23,23+,39.58714,0,0,0,0,NA,NA,NA,NA,NA,NA,NA,NA,NA,NA,NA,0,0,5.62E-04,0.23665713
S:M Uninf MID 2,SM,Uninfected,Mid37,2,3,1/4/2022,1/27/2022,23,censored,0,Y,Uninfected,0,2,4,23,23+,33.11143,NA,NA,NA,NA,NA,NA,NA,NA,NA,NA,NA,NA,NA,NA,NA,-0.06381513,-0.082389048,2.07E-03,0.23665713
S:M Uninf MID 3,SM,Uninfected,Mid37,3,3,1/4/2022,1/27/2022,23,censored,0,Y,Uninfected,0,2,3,23,23+,29.19857,NA,NA,NA,NA,NA,NA,NA,NA,NA,NA,NA,NA,NA,NA,NA,0.055133957,0.08218208,-3.28E-05,0.23665713
S:M Uninf MID 4,SM,Uninfected,Mid37,4,3,1/4/2022,1/27/2022,23,censored,0,Y,Uninfected,0,2,4,23,23+,32.76,NA,NA,NA,NA,NA,NA,NA,NA,NA,NA,NA,NA,NA,NA,NA,0,0,-1.61E-04,0.23665713
S:M Uninf MID 5,SM,Uninfected,Mid37,5,3,1/4/2022,1/27/2022,23,censored,0,Y,Uninfected,0,2,4,23,23+,30.58,NA,NA,NA,NA,NA,NA,NA,NA,NA,NA,NA,NA,NA,NA,NA,0.07771447,0.097753551,5.13E-04,0.23665713
S:M Uninf MID 6,SM,Uninfected,Mid37,6,4,1/4/2022,1/27/2022,23,censored,0,Y,Uninfected,0,2,1,23,23+,31.89286,0,0,0,0,NA,NA,NA,NA,NA,NA,NA,NA,NA,NA,NA,0.230845176,0.285044717,9.32E-04,0.23665713
S:M Uninf MID 7,SM,Uninfected,Mid37,7,4,1/4/2022,1/15/2022,11,,1,Y,Uninfected,NA,2,0,11,11,NA,NA,NA,NA,NA,NA,NA,NA,NA,NA,NA,NA,NA,NA,NA,NA,0.512096029,0.649361224,1.90E-03,0.23665713
S:M Uninf MID 8,SM,Uninfected,Mid37,8,4,1/4/2022,1/27/2022,23,censored,0,Y,Uninfected,0,2,6,23,23+,28.07571,NA,NA,NA,NA,NA,NA,NA,NA,NA,NA,NA,NA,NA,NA,NA,0.377211383,0.473382982,-2.03E-04,0.23665713
S:M Uninf MID 9,SM,Uninfected,Mid37,9,4,1/4/2022,1/27/2022,23,censored,0,Y,Uninfected,0,2,2,23,23+,36.06857,NA,NA,NA,NA,NA,NA,NA,NA,NA,NA,NA,NA,NA,NA,NA,0.617626565,0.850278843,1.66E-03,0.23665713
S:M Uninf MID 10,SM,Uninfected,Mid37,10,4,1/4/2022,1/27/2022,23,censored,0,Y,Uninfected,0,2,7,23,23+,34.05,NA,NA,NA,NA,NA,NA,NA,NA,NA,NA,NA,NA,NA,NA,NA,0.400929082,0.492388486,1.14E-03,0.23665713
M Uninf MID 1,M,Uninfected,Mid37,1,3,1/4/2022,1/27/2022,23,censored,0,Y,Uninfected,0,3,1,23,23+,27.00571,NA,NA,NA,NA,NA,NA,NA,NA,NA,NA,NA,NA,NA,NA,NA,-0.073907025,-0.142484437,1.20E-03,0.21233256
M Uninf MID 2,M,Uninfected,Mid37,2,3,1/4/2022,1/27/2022,23,censored,0,Y,Uninfected,0,3,6,23,23+,30.99714,NA,NA,NA,NA,NA,NA,NA,NA,NA,NA,NA,NA,NA,NA,NA,0.077798621,0.102075969,2.25E-03,0.21233256
M Uninf MID 3,M,Uninfected,Mid37,3,3,1/4/2022,1/27/2022,23,censored,0,Y,Uninfected,0,3,5,23,23+,26.05,NA,NA,NA,NA,NA,NA,NA,NA,NA,NA,NA,NA,NA,NA,NA,-0.055773884,-0.086968317,1.42E-03,0.21233256
M Uninf MID 4,M,Uninfected,Mid37,4,3,1/4/2022,1/21/2022,17,,1,Y,Uninfected,0,3,1,17,17,30.39,0,0,0,0,NA,NA,NA,NA,NA,NA,NA,NA,NA,NA,NA,-0.144293305,-0.191821584,2.33E-03,0.21233256
M Uninf MID 5,M,Uninfected,Mid37,5,3,1/4/2022,1/27/2022,23,censored,0,Y,Uninfected,0,3,4,23,23+,23.14714,NA,NA,NA,NA,NA,NA,NA,NA,NA,NA,NA,NA,NA,NA,NA,0.038387418,0.04183934,1.25E-03,0.21233256
M Uninf MID 6,M,Uninfected,Mid37,6,4,1/4/2022,1/27/2022,23,censored,0,Y,Uninfected,0,3,3,23,23+,36.62857,NA,NA,NA,NA,NA,NA,NA,NA,NA,NA,NA,NA,NA,NA,NA,0.140986556,0.172971822,-9.70E-04,0.21233256
M Uninf MID 7,M,Uninfected,Mid37,7,4,1/4/2022,1/27/2022,23,censored,0,Y,Uninfected,0,3,1,23,23+,27.93857,NA,NA,NA,NA,NA,NA,NA,NA,NA,NA,NA,NA,NA,NA,NA,0,0,-5.20E-04,0.21233256
M Uninf MID 8,M,Uninfected,Mid37,8,4,1/4/2022,1/27/2022,23,censored,0,Y,Uninfected,0,3,4,23,23+,26.50286,NA,NA,NA,NA,NA,NA,NA,NA,NA,NA,NA,NA,NA,NA,NA,0.092634964,0.114991917,7.07E-04,0.21233256
M Uninf MID 9,M,Uninfected,Mid37,9,4,1/4/2022,1/10/2022,6,censored,0,N,Uninfected,NA,3,0,6, 6+,NA,NA,NA,NA,NA,NA,NA,NA,NA,NA,NA,NA,NA,NA,NA,NA,NA,NA,NA,0.21233256
M Uninf MID 10,M,Uninfected,Mid37,10,4,1/4/2022,1/27/2022,23,censored,0,Y,Uninfected,0,3,0,23,23+,29.47571,0,0,0,0,NA,NA,NA,NA,NA,NA,NA,NA,NA,NA,NA,-0.044430694,-0.063976105,-1.18E-03,0.21233256
M+ Uninf MID 1,M+,Uninfected,Mid37,1,3,1/4/2022,1/27/2022,23,censored,0,Y,Uninfected,0,4,1,23,23+,23.17429,NA,NA,NA,NA,NA,NA,NA,NA,NA,NA,NA,NA,NA,NA,NA,-0.059257694,-0.082087088,-7.69E-04,18.66777735
M+ Uninf MID 2,M+,Uninfected,Mid37,2,3,1/4/2022,1/27/2022,23,censored,0,Y,Uninfected,0,4,3,23,23+,29.16429,NA,NA,NA,NA,NA,NA,NA,NA,NA,NA,NA,NA,NA,NA,NA,0.020266793,0.026854396,-4.01E-04,18.66777735
M+ Uninf MID 3,M+,Uninfected,Mid37,3,3,1/4/2022,1/27/2022,23,censored,0,Y,Uninfected,0,4,5,23,23+,29.85,0,0,0,0,NA,NA,NA,NA,NA,NA,NA,NA,NA,NA,NA,-0.207025415,-0.255632376,-1.41E-03,18.66777735
M+ Uninf MID 4,M+,Uninfected,Mid37,4,3,1/4/2022,1/27/2022,23,censored,0,Y,Uninfected,0,4,3,23,23+,24.41143,NA,NA,NA,NA,NA,NA,NA,NA,NA,NA,NA,NA,NA,NA,NA,-0.13490136,-0.162386764,1.56E-03,18.66777735
M+ Uninf MID 5,M+,Uninfected,Mid37,5,3,1/4/2022,1/27/2022,23,censored,0,Y,Uninfected,0,4,2,23,23+,35.35286,NA,NA,NA,NA,NA,NA,NA,NA,NA,NA,NA,NA,NA,NA,NA,0,0,-1.32E-03,18.66777735
M+ Uninf MID 6,M+,Uninfected,Mid37,6,4,1/4/2022,1/27/2022,23,censored,0,Y,Uninfected,0,4,2,23,23+,29.07714,NA,NA,NA,NA,NA,NA,NA,NA,NA,NA,NA,NA,NA,NA,NA,-0.085368216,-0.119361302,7.43E-04,18.66777735
M+ Uninf MID 7,M+,Uninfected,Mid37,7,4,1/4/2022,1/27/2022,23,censored,0,Y,Uninfected,0,4,3,23,23+,28.49143,NA,NA,NA,NA,NA,NA,NA,NA,NA,NA,NA,NA,NA,NA,NA,0.235430286,0.309982741,1.84E-03,18.66777735
M+ Uninf MID 8,M+,Uninfected,Mid37,8,4,1/4/2022,1/27/2022,23,censored,0,Y,Uninfected,0,4,2,23,23+,29.98,NA,NA,NA,NA,NA,NA,NA,NA,NA,NA,NA,NA,NA,NA,NA,0.067111161,0.096768538,-8.88E-04,18.66777735
M+ Uninf MID 9,M+,Uninfected,Mid37,9,4,1/4/2022,1/27/2022,23,censored,0,Y,Uninfected,0,4,3,23,23+,14.64286,0,0,0,0,NA,NA,NA,NA,NA,NA,NA,NA,NA,NA,NA,-0.166466196,-0.157889895,2.50E-03,18.66777735
M+ Uninf MID 10,M+,Uninfected,Mid37,10,4,1/4/2022,1/27/2022,23,censored,0,Y,Uninfected,0,4,1,23,23+,27.51429,NA,NA,NA,NA,NA,NA,NA,NA,NA,NA,NA,NA,NA,NA,NA,-0.106026096,-0.11040461,-8.76E-07,18.66777735
S Met MID 1,S,Metsch,Mid37,1,3,1/4/2022,1/22/2022,18,,1,Y,Infected,1,5,7,18,18,32.65143,4250,500,6250,11000,NA,NA,NA,NA,NA,NA,NA,NA,NA,NA,NA,0.208604462,0.207930222,1.60E-03,0.2592341
S Met MID 2,S,Metsch,Mid37,2,3,1/4/2022,1/27/2022,23,censored,0,Y,Exposed,0,6,10,23,23+,45.62857,0,0,0,0,NA,NA,NA,NA,NA,NA,NA,NA,NA,NA,NA,0.185647037,0.16408701,4.83E-03,0.16305278
S Met MID 3,S,Metsch,Mid37,3,3,1/4/2022,1/22/2022,18,,1,Y,Infected,1,5,4,18,18,28.09,43500,7000,31000,81500,NA,NA,NA,NA,NA,NA,NA,NA,NA,NA,NA,0.118785945,0.124025292,5.12E-03,0.2592341
S Met MID 4,S,Metsch,Mid37,4,3,1/4/2022,1/19/2022,15,,1,Y,Infected,1,5,4,15,15,31.90286,13750,6000,20500,40250,NA,NA,NA,NA,NA,NA,NA,NA,NA,NA,NA,0.320580526,0.322034477,1.71E-04,0.2592341
S Met MID 5,S,Metsch,Mid37,5,3,1/4/2022,1/23/2022,19,,1,Y,Infected,1,5,3,19,19,37.80714,10250,8000,13000,31250,NA,NA,NA,NA,NA,NA,NA,NA,NA,NA,NA,0.304069632,0.375695103,1.11E-03,0.2592341
S Met MID 6,S,Metsch,Mid37,6,4,1/4/2022,1/27/2022,23,censored,0,Y,Exposed,0,6,11,23,23+,20.88714,0,0,0,0,NA,NA,NA,NA,NA,NA,NA,NA,NA,NA,NA,0.192696973,0.155697866,1.57E-03,0.16305278
S Met MID 7,S,Metsch,Mid37,7,4,1/4/2022,1/20/2022,16,,1,Y,Infected,1,5,4,16,16,34.67571,24750,12250,23250,60250,NA,NA,NA,NA,NA,NA,NA,NA,NA,NA,NA,0.298565433,0.336484747,1.73E-03,0.2592341
S Met MID 8,S,Metsch,Mid37,8,4,1/4/2022,1/22/2022,18,,1,Y,Infected,1,5,7,18,18,26.33857,58125,3487.5,35262.5,96875,NA,NA,NA,NA,NA,NA,NA,NA,NA,NA,NA,0.086048628,0.070272623,2.99E-03,0.2592341
S Met MID 9,S,Metsch,Mid37,9,4,1/4/2022,1/15/2022,11,,1,N,Exposed,NA,6,0,11,11,NA,0,0,0,0,NA,NA,NA,NA,NA,NA,NA,NA,NA,NA,NA,0.06098493,0.054594201,1.77E-03,0.16305278
S Met MID 10,S,Metsch,Mid37,10,4,1/4/2022,1/25/2022,21,,1,Y,Infected,1,5,5,21,21,42.71571,71750,7500,48250,127500,NA,NA,NA,NA,NA,NA,NA,NA,NA,NA,NA,0.123322274,0.145332235,2.97E-03,0.2592341
S:M Met MID 1,SM,Metsch,Mid37,1,3,1/4/2022,1/27/2022,23,censored,0,Y,Exposed,0,7,4,23,23+,36.64714,0,0,0,0,NA,NA,NA,NA,NA,NA,NA,NA,NA,NA,NA,0.031349806,0.047816287,NA,0.13285379
S:M Met MID 2,SM,Metsch,Mid37,2,3,1/4/2022,1/17/2022,13,,1,Y,Exposed,NA,7,0,13,13,NA,0,0,0,0,NA,NA,NA,NA,NA,NA,NA,NA,NA,NA,NA,0.041939233,0.060193452,2.04E-03,0.13285379
S:M Met MID 2,SM,Metsch,Mid37,2,3,1/4/2022,1/17/2022,13,,1,Y,Exposed,NA,7,0,13,13,NA,0,0,0,0,NA,NA,NA,NA,NA,NA,NA,NA,NA,NA,NA,0.041939233,0.060193452,2.99E-04,0.13285379
S:M Met MID 3,SM,Metsch,Mid37,3,3,1/4/2022,1/27/2022,23,censored,0,Y,Exposed,0,7,4,23,23+,39.87286,0,0,0,0,NA,NA,NA,NA,NA,NA,NA,NA,NA,NA,NA,0.031349806,0.0399886,2.46E-03,0.13285379
S:M Met MID 4,SM,Metsch,Mid37,4,3,1/4/2022,1/27/2022,23,censored,0,Y,Exposed,0,7,5,23,23+,28.44143,0,0,0,0,NA,NA,NA,NA,NA,NA,NA,NA,NA,NA,NA,0.05259997,0.061338815,9.02E-04,0.13285379
S:M Met MID 5,SM,Metsch,Mid37,5,3,1/4/2022,1/27/2022,23,censored,0,Y,Exposed,0,7,4,23,23+,27.87429,0,0,0,0,NA,NA,NA,NA,NA,NA,NA,NA,NA,NA,NA,0.174865956,0.18656447,3.56E-03,0.13285379
S:M Met MID 6,SM,Metsch,Mid37,6,4,1/4/2022,1/27/2022,23,censored,0,Y,Infected,1,NA,0,23,23+,19.39143,17750,8500,2000,28250,NA,NA,NA,NA,NA,NA,NA,NA,NA,NA,NA,0.176261163,0.283867204,3.48E-03,0
S:M Met MID 7,SM,Metsch,Mid37,7,4,1/4/2022,1/20/2022,16,,1,Y,Exposed,0,7,0,16,16,26.89429,0,0,0,0,NA,NA,NA,NA,NA,NA,NA,NA,NA,NA,NA,0.096741418,0.137806446,1.20E-03,0.13285379
S:M Met MID 8,SM,Metsch,Mid37,8,4,1/4/2022,1/11/2022,7,,1,Y,Exposed,NA,7,0,7,7,NA,NA,NA,NA,NA,NA,NA,NA,NA,NA,NA,NA,NA,NA,NA,NA,NA,NA,NA,0.13285379
S:M Met MID 9,SM,Metsch,Mid37,9,4,1/4/2022,1/11/2022,7,,1,Y,Exposed,NA,7,0,7,7,NA,NA,NA,NA,NA,NA,NA,NA,NA,NA,NA,NA,NA,NA,NA,NA,NA,NA,NA,0.13285379
S:M Met MID 10,SM,Metsch,Mid37,10,4,1/4/2022,1/15/2022,11,,1,Y,Exposed,NA,7,0,11,11,NA,0,250,0,250,NA,NA,NA,NA,NA,NA,NA,NA,NA,NA,NA,0.297208779,0.379742509,3.61E-03,0.13285379
M Met MID 1,M,Metsch,Mid37,1,3,1/4/2022,1/24/2022,20,,1,Y,Exposed,0,8,0,20,20,23.15286,0,0,0,0,NA,NA,NA,NA,NA,NA,NA,NA,NA,NA,NA,0.054433165,0.070519764,1.02E-03,0.16905471
M Met MID 2,M,Metsch,Mid37,2,3,1/4/2022,1/27/2022,23,censored,0,Y,Exposed,0,8,3,23,23+,19.13286,0,0,0,0,NA,NA,NA,NA,NA,NA,NA,NA,NA,NA,NA,0.317396949,0.455468846,7.60E-04,0.16905471
M Met MID 3,M,Metsch,Mid37,3,3,1/4/2022,1/27/2022,23,censored,0,Y,Exposed,0,8,6,23,23+,NA,0,0,0,0,NA,NA,NA,NA,NA,NA,NA,NA,NA,NA,NA,NA,NA,-1.18E-04,0.16905471
M Met MID 4,M,Metsch,Mid37,4,3,1/4/2022,1/23/2022,19,,1,Y,Exposed,0,8,0,19,19,29.53714,0,0,0,0,NA,NA,NA,NA,NA,NA,NA,NA,NA,NA,NA,0.073043845,0.095817692,2.30E-03,0.16905471
M Met MID 5,M,Metsch,Mid37,5,3,1/4/2022,1/27/2022,23,censored,0,Y,Exposed,0,8,0,23,23+,25.43857,0,0,0,0,NA,NA,NA,NA,NA,NA,NA,NA,NA,NA,NA,-0.069522262,-0.0891061,1.68E-03,0.16905471
M Met MID 6,M,Metsch,Mid37,6,4,1/4/2022,1/11/2022,7,,1,Y,Exposed,NA,8,0,7,7,NA,NA,NA,NA,NA,NA,NA,NA,NA,NA,NA,NA,NA,NA,NA,NA,NA,NA,NA,0.16905471
M Met MID 7,M,Metsch,Mid37,7,4,1/4/2022,1/27/2022,23,censored,0,Y,Exposed,0,8,2,23,23+,14.31857,0,0,0,0,NA,NA,NA,NA,NA,NA,NA,NA,NA,NA,NA,0.194041621,0.218755548,1.54E-03,0.16905471
M Met MID 8,M,Metsch,Mid37,8,4,1/4/2022,1/16/2022,12,,1,Y,Exposed,NA,8,0,12,12,NA,0,0,0,0,NA,NA,NA,NA,NA,NA,NA,NA,NA,NA,NA,0.148847701,0.218417248,4.78E-04,0.16905471
M Met MID 9,M,Metsch,Mid37,9,4,1/4/2022,1/27/2022,23,censored,0,Y,Exposed,0,8,1,23,23+,17.68571,0,0,0,0,NA,NA,NA,NA,NA,NA,NA,NA,NA,NA,NA,0.126719376,0.140498003,2.95E-03,0.16905471
M Met MID 10,M,Metsch,Mid37,10,4,1/4/2022,1/11/2022,7,,1,Y,Exposed,NA,8,0,7,7,NA,NA,NA,NA,NA,NA,NA,NA,NA,NA,NA,NA,NA,NA,NA,NA,NA,NA,NA,0.16905471
M+ Met MID 1,M+,Metsch,Mid37,1,3,1/4/2022,1/16/2022,12,,1,Y,Exposed,NA,9,0,12,12,NA,0,0,0,0,NA,NA,NA,NA,NA,NA,NA,NA,NA,NA,NA,0.147564438,0.251367281,-4.21E-04,22.31524205
M+ Met MID 2,M+,Metsch,Mid37,2,3,1/4/2022,1/27/2022,23,censored,0,Y,Exposed,0,9,1,23,23+,18.16714,0,0,0,0,NA,NA,NA,NA,NA,NA,NA,NA,NA,NA,NA,0.268535784,0.329918105,1.53E-03,22.31524205
M+ Met MID 2,M+,Metsch,Mid37,2,3,1/4/2022,1/27/2022,23,censored,0,Y,Exposed,0,9,1,23,23+,18.16714,0,0,0,0,NA,NA,NA,NA,NA,NA,NA,NA,NA,NA,NA,0.268535784,0.329918105,1.20E-04,22.31524205
M+ Met MID 3,M+,Metsch,Mid37,3,3,1/4/2022,1/27/2022,23,censored,0,Y,Exposed,0,9,0,23,23+,25.23,0,0,0,0,NA,NA,NA,NA,NA,NA,NA,NA,NA,NA,NA,0.206840075,0.339051673,-9.15E-04,22.31524205
M+ Met MID 4,M+,Metsch,Mid37,4,3,1/4/2022,1/27/2022,23,censored,0,Y,Exposed,0,9,0,23,23+,22.60429,0,0,0,0,NA,NA,NA,NA,NA,NA,NA,NA,NA,NA,NA,0.071981938,0.104996145,-1.04E-03,22.31524205
M+ Met MID 5,M+,Metsch,Mid37,5,3,1/4/2022,1/27/2022,23,censored,0,Y,Exposed,0,9,1,23,23+,24.43857,0,0,0,0,NA,NA,NA,NA,NA,NA,NA,NA,NA,NA,NA,0.1868221,0.235200862,-1.07E-03,22.31524205
M+ Met MID 6,M+,Metsch,Mid37,6,4,1/4/2022,1/27/2022,23,censored,0,Y,Exposed,0,9,1,23,23+,21.13429,0,0,0,0,NA,NA,NA,NA,NA,NA,NA,NA,NA,NA,NA,0.03947574,0.054983878,1.44E-03,22.31524205
M+ Met MID 7,M+,Metsch,Mid37,7,4,1/4/2022,1/27/2022,23,censored,0,Y,Exposed,0,9,1,23,23+,22.04286,0,0,0,0,NA,NA,NA,NA,NA,NA,NA,NA,NA,NA,NA,0.121517433,0.189373558,3.55E-03,22.31524205
M+ Met MID 8,M+,Metsch,Mid37,8,4,1/4/2022,1/27/2022,23,censored,0,Y,Exposed,0,9,2,23,23+,21.25,0,0,0,0,NA,NA,NA,NA,NA,NA,NA,NA,NA,NA,NA,0.142711676,0.186958311,3.09E-03,22.31524205
M+ Met MID 9,M+,Metsch,Mid37,9,4,1/4/2022,1/15/2022,11,,1,Y,Exposed,NA,9,0,11,11,NA,0,0,0,0,NA,NA,NA,NA,NA,NA,NA,NA,NA,NA,NA,0.253172605,0.328254028,1.82E-03,22.31524205
M+ Met MID 10,M+,Metsch,Mid37,10,4,1/4/2022,1/27/2022,23,censored,0,Y,Exposed,0,9,1,23,23+,17.54286,0,0,0,0,NA,NA,NA,NA,NA,NA,NA,NA,NA,NA,NA,0.059589992,0.092650176,6.93E-04,22.31524205
S Uninf STD 1,S,Uninfected,Standard,1,3,1/4/2022,1/27/2022,23,censored,0,Y,Uninfected,0,10,23,23,23+,35.2,0,0,0,0,NA,NA,NA,NA,NA,NA,NA,NA,NA,NA,NA,0.144677179,0.101813133,3.61E-03,0.11167942
S Uninf STD 2,S,Uninfected,Standard,2,3,1/4/2022,1/27/2022,23,censored,0,Y,Uninfected,0,10,17,23,23+,52.47143,NA,NA,NA,NA,NA,NA,NA,NA,NA,NA,NA,NA,NA,NA,NA,0.144677179,0.127587124,2.31E-03,0.11167942
S Uninf STD 3,S,Uninfected,Standard,3,3,1/4/2022,1/27/2022,23,censored,0,Y,Uninfected,0,10,14,23,23+,48.22,NA,NA,NA,NA,NA,NA,NA,NA,NA,NA,NA,NA,NA,NA,NA,0.114664651,0.105658036,2.94E-03,0.11167942
S Uninf STD 4,S,Uninfected,Standard,4,3,1/4/2022,1/27/2022,23,censored,0,Y,Uninfected,0,10,32,23,23+,55.77714,NA,NA,NA,NA,NA,NA,NA,NA,NA,NA,NA,NA,NA,NA,NA,0.363665409,0.27561565,1.67E-03,0.11167942
S Uninf STD 5,S,Uninfected,Standard,5,3,1/4/2022,1/15/2022,11,,1,Y,Uninfected,NA,10,0,11,11,NA,NA,NA,NA,NA,NA,NA,NA,NA,NA,NA,NA,NA,NA,NA,NA,0.092522843,0.076780333,3.00E-03,0.11167942
S Uninf STD 6,S,Uninfected,Standard,6,4,1/4/2022,1/27/2022,23,censored,0,Y,Uninfected,0,10,21,23,23+,13.22714,NA,NA,NA,NA,NA,NA,NA,NA,NA,NA,NA,NA,NA,NA,NA,0.091680063,0.05846738,2.63E-03,0.11167942
S Uninf STD 7,S,Uninfected,Standard,7,4,1/4/2022,1/10/2022,6,censored,0,N,Uninfected,NA,10,0,6, 6+,NA,NA,NA,NA,NA,NA,NA,NA,NA,NA,NA,NA,NA,NA,NA,NA,NA,NA,NA,0.11167942
S Uninf STD 8,S,Uninfected,Standard,8,4,1/4/2022,1/27/2022,23,censored,0,Y,Uninfected,0,10,19,23,23+,17.78857,NA,NA,NA,NA,NA,NA,NA,NA,NA,NA,NA,NA,NA,NA,NA,0.274184679,0.1770668,1.93E-03,0.11167942
S Uninf STD 9,S,Uninfected,Standard,9,4,1/4/2022,1/27/2022,23,censored,0,Y,Uninfected,0,10,34,23,23+,59.50429,NA,NA,NA,NA,NA,NA,NA,NA,NA,NA,NA,NA,NA,NA,NA,0.239472236,0.209050993,8.69E-04,0.11167942
S Uninf STD 10,S,Uninfected,Standard,10,4,1/4/2022,1/19/2022,15,,1,Y,Uninfected,0,10,8,15,15,26.74143,NA,NA,NA,NA,NA,NA,NA,NA,NA,NA,NA,NA,NA,NA,NA,0.222384883,0.171171997,2.43E-04,0.11167942
S:M Uninf STD 1,SM,Uninfected,Standard,1,3,1/4/2022,1/27/2022,23,censored,0,Y,Uninfected,0,11,16,23,23+,42.21714,NA,NA,NA,NA,NA,NA,NA,NA,NA,NA,NA,NA,NA,NA,NA,0.055133957,0.056509972,3.50E-03,0.22496853
S:M Uninf STD 2,SM,Uninfected,Standard,2,3,1/4/2022,1/27/2022,23,censored,0,Y,Uninfected,0,11,19,23,23+,38.23286,0,0,0,0,NA,NA,NA,NA,NA,NA,NA,NA,NA,NA,NA,0.055133957,0.057306663,2.51E-03,0.22496853
S:M Uninf STD 3,SM,Uninfected,Standard,3,3,1/4/2022,1/27/2022,23,censored,0,Y,Uninfected,0,11,20,23,23+,35.94143,NA,NA,NA,NA,NA,NA,NA,NA,NA,NA,NA,NA,NA,NA,NA,-0.021547387,-0.021733897,2.41E-03,0.22496853
S:M Uninf STD 4,SM,Uninfected,Standard,4,3,1/4/2022,1/27/2022,23,censored,0,Y,Uninfected,0,11,20,23,23+,43.22714,NA,NA,NA,NA,NA,NA,NA,NA,NA,NA,NA,NA,NA,NA,NA,-0.105026068,-0.112733627,2.57E-03,0.22496853
S:M Uninf STD 5,SM,Uninfected,Standard,5,3,1/4/2022,1/27/2022,23,censored,0,Y,Uninfected,0,11,23,23,23+,40.63286,NA,NA,NA,NA,NA,NA,NA,NA,NA,NA,NA,NA,NA,NA,NA,-0.042816736,-0.042965267,2.71E-03,0.22496853
S:M Uninf STD 6,SM,Uninfected,Standard,6,4,1/4/2022,1/27/2022,23,censored,0,Y,Uninfected,0,11,22,23,23+,28.43286,0,0,0,0,NA,NA,NA,NA,NA,NA,NA,NA,NA,NA,NA,0.319368548,0.243194208,1.31E-03,0.22496853
S:M Uninf STD 7,SM,Uninfected,Standard,7,4,1/4/2022,1/27/2022,23,censored,0,Y,Uninfected,0,11,20,23,23+,32.81571,NA,NA,NA,NA,NA,NA,NA,NA,NA,NA,NA,NA,NA,NA,NA,0.342262689,0.270304824,3.96E-03,0.22496853
S:M Uninf STD 8,SM,Uninfected,Standard,8,4,1/4/2022,1/27/2022,23,censored,0,Y,Uninfected,0,11,16,23,23+,39.15571,NA,NA,NA,NA,NA,NA,NA,NA,NA,NA,NA,NA,NA,NA,NA,0.377211383,0.409360242,1.12E-03,0.22496853
S:M Uninf STD 9,SM,Uninfected,Standard,9,4,1/4/2022,1/27/2022,23,censored,0,Y,Uninfected,0,11,22,23,23+,36.78571,NA,NA,NA,NA,NA,NA,NA,NA,NA,NA,NA,NA,NA,NA,NA,0.274512674,0.204705863,2.95E-03,0.22496853
S:M Uninf STD 10,SM,Uninfected,Standard,10,4,1/4/2022,1/27/2022,23,censored,0,Y,Uninfected,0,11,22,23,23+,18.95143,NA,NA,NA,NA,NA,NA,NA,NA,NA,NA,NA,NA,NA,NA,NA,0.116402583,0.091160297,2.58E-04,0.22496853
M Uninf STD 1,M,Uninfected,Standard,1,3,1/4/2022,1/27/2022,23,censored,0,Y,Uninfected,0,12,14,23,23+,29.43429,NA,NA,NA,NA,NA,NA,NA,NA,NA,NA,NA,NA,NA,NA,NA,0,0,3.88E-03,0.10558888
M Uninf STD 2,M,Uninfected,Standard,2,3,1/4/2022,1/27/2022,23,censored,0,Y,Uninfected,0,12,14,23,23+,36.06429,NA,NA,NA,NA,NA,NA,NA,NA,NA,NA,NA,NA,NA,NA,NA,0.097905496,0.114166372,2.62E-03,0.10558888
M Uninf STD 3,M,Uninfected,Standard,3,3,1/4/2022,1/27/2022,23,censored,0,Y,Uninfected,0,12,12,23,23+,33.31571,0,0,0,0,NA,NA,NA,NA,NA,NA,NA,NA,NA,NA,NA,0.057961645,0.066675168,2.91E-04,0.10558888
M Uninf STD 4,M,Uninfected,Standard,4,3,1/4/2022,1/27/2022,23,censored,0,Y,Uninfected,0,12,2,23,23+,39.80143,NA,NA,NA,NA,NA,NA,NA,NA,NA,NA,NA,NA,NA,NA,NA,-0.144293305,-0.163110682,1.97E-03,0.10558888
M Uninf STD 5,M,Uninfected,Standard,5,3,1/4/2022,1/27/2022,23,censored,0,Y,Uninfected,0,12,16,23,23+,42.32429,NA,NA,NA,NA,NA,NA,NA,NA,NA,NA,NA,NA,NA,NA,NA,-0.03741548,-0.045720329,9.32E-04,0.10558888
M Uninf STD 6,M,Uninfected,Standard,6,4,1/4/2022,1/27/2022,23,censored,0,Y,Uninfected,0,12,20,23,23+,33.86143,NA,NA,NA,NA,NA,NA,NA,NA,NA,NA,NA,NA,NA,NA,NA,0.116632991,0.130210023,2.81E-04,0.10558888
M Uninf STD 7,M,Uninfected,Standard,7,4,1/4/2022,1/27/2022,23,censored,0,Y,Uninfected,0,12,22,23,23+,39.66429,NA,NA,NA,NA,NA,NA,NA,NA,NA,NA,NA,NA,NA,NA,NA,0.022673954,0.025543355,-7.82E-04,0.10558888
M Uninf STD 8,M,Uninfected,Standard,8,4,1/4/2022,1/27/2022,23,censored,0,Y,Uninfected,0,12,15,23,23+,41.67714,NA,NA,NA,NA,NA,NA,NA,NA,NA,NA,NA,NA,NA,NA,NA,0.022673954,0.026092662,-9.76E-04,0.10558888
M Uninf STD 9,M,Uninfected,Standard,9,4,1/4/2022,1/27/2022,23,censored,0,Y,Uninfected,0,12,17,23,23+,40.31143,NA,NA,NA,NA,NA,NA,NA,NA,NA,NA,NA,NA,NA,NA,NA,-0.06620367,-0.084810436,-5.00E-04,0.10558888
M Uninf STD 10,M,Uninfected,Standard,10,4,1/4/2022,1/27/2022,23,censored,0,Y,Uninfected,0,12,11,23,23+,27.68714,0,0,0,0,NA,NA,NA,NA,NA,NA,NA,NA,NA,NA,NA,-0.022365455,-0.024962119,4.58E-04,0.10558888
M+ Uninf STD 1,M+,Uninfected,Standard,1,3,1/4/2022,1/27/2022,23,censored,0,Y,Uninfected,0,13,13,23,23+,31.25286,NA,NA,NA,NA,NA,NA,NA,NA,NA,NA,NA,NA,NA,NA,NA,-0.207025415,-0.230554477,2.11E-03,10.23761856
M+ Uninf STD 2,M+,Uninfected,Standard,2,3,1/4/2022,1/27/2022,23,censored,0,Y,Uninfected,0,13,16,23,23+,36.17429,NA,NA,NA,NA,NA,NA,NA,NA,NA,NA,NA,NA,NA,NA,NA,-0.241867052,-0.27907697,-2.66E-05,10.23761856
M+ Uninf STD 3,M+,Uninfected,Standard,3,3,1/4/2022,1/27/2022,23,censored,0,Y,Uninfected,0,13,16,23,23+,34.61143,NA,NA,NA,NA,NA,NA,NA,NA,NA,NA,NA,NA,NA,NA,NA,-0.097540815,-0.102843177,7.06E-03,10.23761856
M+ Uninf STD 4,M+,Uninfected,Standard,4,3,1/4/2022,1/15/2022,11,,1,Y,Uninfected,NA,13,1,11,11,NA,NA,NA,NA,NA,NA,NA,NA,NA,NA,NA,NA,NA,NA,NA,NA,-0.039755706,-0.043956203,1.56E-05,10.23761856
M+ Uninf STD 5,M+,Uninfected,Standard,5,3,1/4/2022,1/27/2022,23,censored,0,Y,Uninfected,0,13,9,23,23+,33.59571,NA,NA,NA,NA,NA,NA,NA,NA,NA,NA,NA,NA,NA,NA,NA,-0.258998581,-0.245880075,-3.11E-04,10.23761856
M+ Uninf STD 6,M+,Uninfected,Standard,6,4,1/4/2022,1/27/2022,23,censored,0,Y,Uninfected,0,13,11,23,23+,26.80286,NA,NA,NA,NA,NA,NA,NA,NA,NA,NA,NA,NA,NA,NA,NA,0,0,8.07E-04,10.23761856
M+ Uninf STD 7,M+,Uninfected,Standard,7,4,1/4/2022,1/27/2022,23,censored,0,Y,Uninfected,0,13,15,23,23+,14.75857,0,0,0,0,NA,NA,NA,NA,NA,NA,NA,NA,NA,NA,NA,-0.043245806,-0.034209653,3.20E-03,10.23761856
M+ Uninf STD 8,M+,Uninfected,Standard,8,4,1/4/2022,1/27/2022,23,censored,0,Y,Uninfected,0,13,12,23,23+,33.83571,NA,NA,NA,NA,NA,NA,NA,NA,NA,NA,NA,NA,NA,NA,NA,-0.106026096,-0.123196298,2.07E-03,10.23761856
M+ Uninf STD 9,M+,Uninfected,Standard,9,4,1/4/2022,1/27/2022,23,censored,0,Y,Uninfected,0,13,16,23,23+,41.99,NA,NA,NA,NA,NA,NA,NA,NA,NA,NA,NA,NA,NA,NA,NA,-0.043245806,-0.048960449,2.52E-03,10.23761856
M+ Uninf STD 10,M+,Uninfected,Standard,10,4,1/4/2022,1/27/2022,23,censored,0,Y,Uninfected,0,13,19,23,23+,32.75714,NA,NA,NA,NA,NA,NA,NA,NA,NA,NA,NA,NA,NA,NA,NA,-0.224734319,-0.213081343,1.89E-03,10.23761856
S Met STD 1,S,Metsch,Standard,1,3,1/4/2022,1/20/2022,16,,1,Y,Infected,1,14,11,16,16,43.59286,4000,3500,8500,16000,NA,NA,NA,NA,NA,NA,NA,NA,NA,NA,NA,-0.078585835,-0.07350837,2.67E-03,0.14663367
S Met STD 2,S,Metsch,Standard,2,3,1/4/2022,1/15/2022,11,,1,Y,Exposed,NA,NA,NA,11,11,NA,0,0,0,0,NA,NA,NA,NA,NA,NA,NA,NA,NA,NA,NA,-0.207027437,-0.169205923,2.77E-03,0.28711247
S Met STD 3,S,Metsch,Standard,3,3,1/4/2022,1/20/2022,16,,1,Y,Infected,1,14,9,16,16,38.54857,27750,3750,48250,79750,NA,NA,NA,NA,NA,NA,NA,NA,NA,NA,NA,-0.218712012,-0.192406491,1.93E-03,0.14663367
S Met STD 4,S,Metsch,Standard,4,3,1/4/2022,1/21/2022,17,,1,Y,Infected,1,14,12,17,17,43.93286,32000,5750,66250,104000,NA,NA,NA,NA,NA,NA,NA,NA,NA,NA,NA,-0.513974848,-0.434673545,1.95E-03,0.14663367
S Met STD 5,S,Metsch,Standard,5,3,1/4/2022,1/24/2022,20,,1,Y,Infected,1,14,11,20,20,24.66143,82250,6750,41750,130750,NA,NA,NA,NA,NA,NA,NA,NA,NA,NA,NA,-0.320015366,-0.26938513,3.22E-03,0.14663367
S Met STD 6,S,Metsch,Standard,6,4,1/4/2022,1/22/2022,18,,1,Y,Infected,1,14,8,18,18,32.17857,64250,4250,13750,82250,NA,NA,NA,NA,NA,NA,NA,NA,NA,NA,NA,0.177016926,0.168467535,1.02E-03,0.14663367
S Met STD 7,S,Metsch,Standard,7,4,1/4/2022,1/20/2022,16,,1,Y,Infected,1,14,9,16,16,25.75857,1000,2000,22500,25500,NA,NA,NA,NA,NA,NA,NA,NA,NA,NA,NA,0.208533044,0.138746578,1.63E-03,0.14663367
S Met STD 8,S,Metsch,Standard,8,4,1/4/2022,1/22/2022,18,,1,Y,Infected,1,14,5,18,18,16.20286,67250,16250,65000,148500,NA,NA,NA,NA,NA,NA,NA,NA,NA,NA,NA,0.34123587,0.252248175,4.16E-03,0.14663367
S Met STD 9,S,Metsch,Standard,9,4,1/4/2022,1/23/2022,19,,1,Y,Infected,1,14,7,19,19,17.82429,82500,8750,41500,132750,NA,NA,NA,NA,NA,NA,NA,NA,NA,NA,NA,0.376215562,0.260487454,3.45E-03,0.14663367
S Met STD 10,S,Metsch,Standard,10,4,1/4/2022,1/22/2022,18,,1,Y,Infected,1,14,16,18,18,18.53714,60250,13000,16250,89500,NA,NA,NA,NA,NA,NA,NA,NA,NA,NA,NA,0.232586579,0.145378349,1.49E-03,0.14663367
S:M Met STD 1,SM,Metsch,Standard,1,3,1/4/2022,1/27/2022,23,censored,0,Y,Infected,1,15,9,23,23+,37.20571,250,0,0,250,NA,NA,NA,NA,NA,NA,NA,NA,NA,NA,NA,0.031349806,0.030943738,3.46E-04,0.06289449
S:M Met STD 2,SM,Metsch,Standard,2,3,1/4/2022,1/26/2022,22,,1,Y,Exposed,0,15,11,22,22,51.63571,0,0,0,0,NA,NA,NA,NA,NA,NA,NA,NA,NA,NA,NA,-0.194491303,-0.211208142,1.03E-03,0.24921705
S:M Met STD 3,SM,Metsch,Standard,3,3,1/4/2022,1/27/2022,23,censored,0,Y,Exposed,0,15,19,23,23+,40.25571,0,0,0,0,NA,NA,NA,NA,NA,NA,NA,NA,NA,NA,NA,-0.109913203,-0.098475298,2.20E-03,0.24921705
S:M Met STD 4,SM,Metsch,Standard,4,3,1/4/2022,1/27/2022,23,censored,0,Y,Exposed,0,15,21,23,23+,44.31714,0,0,0,0,NA,NA,NA,NA,NA,NA,NA,NA,NA,NA,NA,-0.090488254,-0.095446435,1.66E-03,0.24921705
S:M Met STD 5,SM,Metsch,Standard,5,3,1/4/2022,1/16/2022,12,,1,Y,Exposed,NA,15,2,12,12,NA,0,0,0,0,NA,NA,NA,NA,NA,NA,NA,NA,NA,NA,NA,-0.080685663,-0.08087156,2.91E-03,0.24921705
S:M Met STD 6,SM,Metsch,Standard,6,4,1/4/2022,1/27/2022,23,censored,0,Y,Exposed,0,15,23,23,23+,17.64,0,0,0,0,NA,NA,NA,NA,NA,NA,NA,NA,NA,NA,NA,0.259952347,0.185202839,1.94E-03,0.24921705
S:M Met STD 7,SM,Metsch,Standard,7,4,1/4/2022,1/27/2022,23,censored,0,Y,Exposed,0,15,17,23,23+,34.90286,0,0,0,0,NA,NA,NA,NA,NA,NA,NA,NA,NA,NA,NA,0.211592747,0.191082817,1.80E-03,0.24921705
S:M Met STD 8,SM,Metsch,Standard,8,4,1/4/2022,1/15/2022,11,,1,Y,Exposed,NA,15,0,11,11,NA,0,0,0,0,NA,NA,NA,NA,NA,NA,NA,NA,NA,NA,NA,0.387680072,0.278912494,2.77E-03,0.24921705
S:M Met STD 9,SM,Metsch,Standard,9,4,1/4/2022,1/27/2022,23,censored,0,Y,Exposed,0,15,20,23,23+,26.94714,0,0,0,0,NA,NA,NA,NA,NA,NA,NA,NA,NA,NA,NA,0.153134024,0.136714024,3.12E-03,0.24921705
S:M Met STD 10,SM,Metsch,Standard,10,4,1/4/2022,1/22/2022,18,,1,Y,Infected,1,16,6,18,18,24.96286,5250,9500,24250,39000,NA,NA,NA,NA,NA,NA,NA,NA,NA,NA,NA,0.19972842,0.170061376,1.79E-03,0.06289449
M Met STD 1,M,Metsch,Standard,1,3,1/4/2022,1/15/2022,11,,1,Y,Exposed,NA,17,0,11,11,NA,0,0,0,0,NA,NA,NA,NA,NA,NA,NA,NA,NA,NA,NA,-0.017697249,-0.016890935,3.72E-03,0.11741132
M Met STD 2,M,Metsch,Standard,2,3,1/4/2022,1/15/2022,11,,1,Y,Exposed,NA,17,0,11,11,NA,0,0,0,0,NA,NA,NA,NA,NA,NA,NA,NA,NA,NA,NA,-0.03517998,-0.039592514,2.85E-03,0.11741132
M Met STD 3,M,Metsch,Standard,3,3,1/4/2022,1/17/2022,13,,1,Y,Exposed,NA,17,0,13,13,NA,0,0,0,0,NA,NA,NA,NA,NA,NA,NA,NA,NA,NA,NA,0.169879378,0.182705811,2.45E-03,0.11741132
M Met STD 4,M,Metsch,Standard,4,3,1/4/2022,1/27/2022,23,censored,0,Y,Infected,1,17,11,23,23+,35.67286,250,250,0,500,NA,NA,NA,NA,NA,NA,NA,NA,NA,NA,NA,-0.069522262,-0.082915636,2.17E-03,0
M Met STD 5,M,Metsch,Standard,5,3,1/4/2022,1/27/2022,23,censored,0,Y,Exposed,0,17,13,23,23+,31.25857,0,0,0,0,NA,NA,NA,NA,NA,NA,NA,NA,NA,NA,NA,0.017917096,0.018699348,2.36E-03,0.11741132
M Met STD 6,M,Metsch,Standard,6,4,1/4/2022,1/27/2022,23,censored,0,Y,Exposed,0,17,14,23,23+,28.90857,0,0,0,0,NA,NA,NA,NA,NA,NA,NA,NA,NA,NA,NA,0.148847701,0.133426342,-3.75E-04,0.11741132
M Met STD 7,M,Metsch,Standard,7,4,1/4/2022,1/11/2022,7,,1,Y,Exposed,NA,17,0,7,7,NA,NA,NA,NA,NA,NA,NA,NA,NA,NA,NA,NA,NA,NA,NA,NA,NA,NA,NA,0.11741132
M Met STD 8,M,Metsch,Standard,8,4,1/4/2022,1/11/2022,7,,1,Y,Exposed,NA,17,0,7,7,NA,NA,NA,NA,NA,NA,NA,NA,NA,NA,NA,NA,NA,NA,NA,NA,NA,NA,NA,0.11741132
M Met STD 9,M,Metsch,Standard,9,4,1/4/2022,1/11/2022,7,,1,Y,Exposed,NA,17,0,7,7,NA,NA,NA,NA,NA,NA,NA,NA,NA,NA,NA,NA,NA,NA,NA,NA,NA,NA,NA,0.11741132
M Met STD 10,M,Metsch,Standard,10,4,1/4/2022,1/11/2022,7,,1,Y,Exposed,NA,17,0,7,7,NA,NA,NA,NA,NA,NA,NA,NA,NA,NA,NA,NA,NA,NA,NA,NA,NA,NA,NA,0.11741132
M+ Met STD 1,M+,Metsch,Standard,1,3,1/4/2022,1/27/2022,23,censored,0,Y,Exposed,0,18,14,23,23+,38.39571,0,0,0,0,NA,NA,NA,NA,NA,NA,NA,NA,NA,NA,NA,0.017676634,0.023243252,NA,14.17299574
M+ Met STD 2,M+,Metsch,Standard,2,3,1/4/2022,1/27/2022,23,censored,0,Y,Exposed,0,18,14,23,23+,38.29571,0,0,0,0,NA,NA,NA,NA,NA,NA,NA,NA,NA,NA,NA,0.090526159,0.109809688,-1.45E-03,14.17299574
M+ Met STD 3,M+,Metsch,Standard,3,3,1/4/2022,1/20/2022,16,,1,Y,Exposed,0,18,2,16,16,40.14,0,0,0,0,NA,NA,NA,NA,NA,NA,NA,NA,NA,NA,NA,-0.017472276,-0.019396188,3.57E-04,14.17299574
M+ Met STD 4,M+,Metsch,Standard,4,3,1/4/2022,1/27/2022,23,censored,0,Y,Exposed,0,18,11,23,23+,34.89,0,0,0,0,NA,NA,NA,NA,NA,NA,NA,NA,NA,NA,NA,0,0,5.92E-04,14.17299574
M+ Met STD 5,M+,Metsch,Standard,5,3,1/4/2022,1/26/2022,22,,1,Y,Exposed,0,18,11,22,22,29.59429,0,0,0,0,NA,NA,NA,NA,NA,NA,NA,NA,NA,NA,NA,-0.051822277,-0.061519235,2.20E-04,14.17299574
M+ Met STD 6,M+,Metsch,Standard,6,4,1/4/2022,1/27/2022,23,censored,0,Y,Exposed,0,18,15,23,23+,31.39,0,0,0,0,NA,NA,NA,NA,NA,NA,NA,NA,NA,NA,NA,0.208056754,0.229971841,6.05E-03,14.17299574
M+ Met STD 7,M+,Metsch,Standard,7,4,1/4/2022,1/27/2022,23,censored,0,Y,Exposed,0,18,18,23,23+,34.34286,0,0,0,0,NA,NA,NA,NA,NA,NA,NA,NA,NA,NA,NA,0.164194285,0.204449911,3.09E-04,14.17299574
M+ Met STD 8,M+,Metsch,Standard,8,4,1/4/2022,1/24/2022,20,censored,0,N,Infected,1,18,8,20,20+,10.75286,500,0,0,500,NA,NA,NA,NA,NA,NA,NA,NA,NA,NA,NA,0.121517433,0.089891408,1.85E-03,15.42181106
M+ Met STD 9,M+,Metsch,Standard,9,4,1/4/2022,1/27/2022,23,censored,0,Y,Exposed,0,18,15,23,23+,37.61,0,0,0,0,NA,NA,NA,NA,NA,NA,NA,NA,NA,NA,NA,0.079963789,0.093855933,1.41E-03,14.17299574
M+ Met STD 10,M+,Metsch,Standard,10,4,1/4/2022,1/19/2022,15,,1,Y,Exposed,0,18,1,15,15,43.95286,NA,NA,NA,NA,NA,NA,NA,NA,NA,NA,NA,NA,NA,NA,NA,0.079963789,0.089985802,2.27E-03,14.17299574
S Met MID 11,S,Metsch,Mid37,11,5,1/4/2022,1/13/2022,9,,1,N,Exposed,NA,6,0,9,9,NA,NA,NA,NA,NA,1/12/2022,3:31:00 PM,28,973.19,3,5,0,22,8,5,4.4,NA,NA,NA,0.16305278
S Met MID 12,S,Metsch,Mid37,12,5,1/4/2022,1/13/2022,9,,1,N,Exposed,NA,6,0,9,9,NA,NA,NA,NA,NA,1/12/2022,3:21:00 PM,26,1012.33,0,2,0,4,2,2,2,NA,NA,NA,0.16305278
S Met MID 13,S,Metsch,Mid37,13,5,1/4/2022,1/18/2022,14,,1,Y,Infected,1,6,1,14,14,NA,1000,1500,2750,5250,1/12/2022,1:27:00 PM,5,1036.39,6,6,0,17,12,6,2.8333333,NA,NA,NA,0.2592341
S Met MID 14,S,Metsch,Mid37,14,5,1/4/2022,1/13/2022,9,,1,N,Exposed,NA,6,0,9,9,NA,NA,NA,NA,NA,1/12/2022,4:21:00 PM,39,1173.33,5,1,2,32,8,3,10.6666667,NA,NA,NA,0.16305278
S Met MID 15,S,Metsch,Mid37,15,5,1/4/2022,1/13/2022,9,,1,N,Exposed,NA,6,0,9,9,NA,NA,NA,NA,NA,1/12/2022,1:39:00 PM,6,1103.81,1,3,1,29,5,4,7.25,NA,NA,NA,0.16305278
S Met MID 16,S,Metsch,Mid37,16,5,1/4/2022,1/15/2022,11,,1,Y,Exposed,NA,6,1,11,11,NA,0,0,0,0,1/12/2022,3:09:00 PM,24,1172.18,4,0,0,0,4,0,0,NA,NA,NA,0.16305278
S Met MID 17,S,Metsch,Mid37,17,5,1/4/2022,1/19/2022,15,,1,Y,Infected,1,5,5,15,15,NA,18250,5750,65750,89750,1/12/2022,3:45:00 PM,30,1135.39,7,5,0,30,12,5,6,NA,NA,NA,0.2592341
S Met MID 18,S,Metsch,Mid37,18,5,1/4/2022,1/15/2022,11,,1,Y,Exposed,NA,6,1,11,11,NA,0,0,0,0,1/12/2022,2:22:00 PM,18,929.64,3,2,0,11,5,2,5.5,NA,NA,NA,0.16305278
S Met MID 19,S,Metsch,Mid37,19,5,1/4/2022,1/26/2022,22,,1,Y,Infected,1,5,8,22,22,NA,500,0,8250,8750,1/12/2022,1:57:00 PM,11,1149.94,9,0,0,0,9,0,0,NA,NA,NA,0.2592341
S Met MID 20,S,Metsch,Mid37,20,5,1/4/2022,1/13/2022,9,,1,N,Exposed,NA,6,0,9,9,NA,NA,NA,NA,NA,1/12/2022,1:59:00 PM,12,1118.06,3,4,1,12,8,5,2.4,NA,NA,NA,0.16305278
S:M Met MID 11,SM,Metsch,Mid37,11,5,1/4/2022,1/13/2022,9,,1,N,Exposed,NA,7,0,9,9,NA,NA,NA,NA,NA,1/12/2022,3:56:00 PM,32,1041.78,0,0,0,0,0,0,0,NA,NA,NA,0.13285379
S:M Met MID 12,SM,Metsch,Mid37,12,5,1/4/2022,1/13/2022,9,,1,N,Exposed,NA,7,0,9,9,NA,NA,NA,NA,NA,1/12/2022,1:20:00 PM,4,966.59,0,0,0,0,0,0,0,NA,NA,NA,0.13285379
S:M Met MID 13,SM,Metsch,Mid37,13,5,1/4/2022,1/27/2022,23,censored,0,Y,Exposed,0,7,7,23,23+,NA,0,0,0,0,1/12/2022,4:19:00 PM,38,1004.39,0,0,0,0,0,0,0,NA,NA,NA,0.13285379
S:M Met MID 14,SM,Metsch,Mid37,14,5,1/4/2022,1/27/2022,23,censored,0,Y,Exposed,0,7,7,23,23+,NA,0,0,0,0,1/12/2022,1:17:00 PM,3,1005.13,0,0,0,0,0,0,0,NA,NA,NA,0.13285379
S:M Met MID 15,SM,Metsch,Mid37,15,5,1/4/2022,1/27/2022,23,censored,0,Y,Exposed,0,7,5,23,23+,NA,NA,NA,NA,NA,1/12/2022,3:53:00 PM,31,911.37,0,0,0,0,0,0,0,NA,NA,NA,0.13285379
S:M Met MID 16,SM,Metsch,Mid37,16,5,1/4/2022,1/13/2022,9,,1,N,Exposed,NA,7,0,9,9,NA,NA,NA,NA,NA,1/12/2022,4:06:00 PM,35,1019.72,0,0,0,0,0,0,0,NA,NA,NA,0.13285379
S:M Met MID 17,SM,Metsch,Mid37,17,5,1/4/2022,1/13/2022,9,,1,N,Exposed,NA,7,0,9,9,NA,NA,NA,NA,NA,1/12/2022,2:11:00 PM,15,1004.12,0,0,0,0,0,0,0,NA,NA,NA,0.13285379
S:M Met MID 18,SM,Metsch,Mid37,18,5,1/4/2022,1/27/2022,23,censored,0,Y,Exposed,0,7,5,23,23+,NA,0,0,0,0,1/12/2022,4:14:00 PM,37,967.53,0,0,0,0,0,0,0,NA,NA,NA,0.13285379
S:M Met MID 19,SM,Metsch,Mid37,19,5,1/4/2022,1/27/2022,23,censored,0,Y,Exposed,0,7,5,23,23+,NA,0,0,0,0,1/12/2022,1:15:00 PM,2,934.15,0,0,0,0,0,0,0,NA,NA,NA,0.13285379
S:M Met MID 20,SM,Metsch,Mid37,20,5,1/4/2022,1/13/2022,9,,1,N,Exposed,NA,7,0,9,9,NA,NA,NA,NA,NA,1/12/2022,2:35:00 PM,22,1034.22,0,0,0,0,0,0,0,NA,NA,NA,0.13285379
M Met MID 11,M,Metsch,Mid37,11,5,1/4/2022,1/13/2022,9,,1,N,Exposed,NA,8,0,9,9,NA,NA,NA,NA,NA,1/12/2022,3:26:00 PM,27,896.74,0,1,0,0,1,1,0,NA,NA,NA,0.16905471
M Met MID 12,M,Metsch,Mid37,12,5,1/4/2022,1/27/2022,23,censored,0,Y,Exposed,0,8,6,23,23+,NA,0,0,0,0,1/12/2022,2:28:00 PM,19,929.8,0,0,0,0,0,0,0,NA,NA,NA,0.16905471
M Met MID 13,M,Metsch,Mid37,13,5,1/4/2022,1/15/2022,11,,1,Y,Exposed,NA,8,0,11,11,NA,0,0,0,0,1/12/2022,3:39:00 PM,29,965.49,0,1,0,1,1,1,1,NA,NA,NA,0.16905471
M Met MID 14,M,Metsch,Mid37,14,5,1/4/2022,1/27/2022,23,censored,0,Y,Exposed,0,8,6,23,23+,NA,0,0,0,0,1/12/2022,1:53:00 PM,10,904.74,0,0,0,0,0,0,0,NA,NA,NA,0.16905471
M Met MID 15,M,Metsch,Mid37,15,5,1/4/2022,1/15/2022,11,,1,Y,Exposed,NA,8,0,11,11,NA,0,0,0,0,1/12/2022,2:51:00 PM,23,822.26,0,0,0,0,0,0,0,NA,NA,NA,0.16905471
M Met MID 16,M,Metsch,Mid37,16,5,1/4/2022,1/27/2022,23,censored,0,Y,Exposed,0,8,3,23,23+,NA,0,0,0,0,1/12/2022,2:18:00 PM,17,900.17,0,0,0,0,0,0,0,NA,NA,NA,0.16905471
M Met MID 17,M,Metsch,Mid37,17,5,1/4/2022,1/27/2022,23,censored,0,Y,Exposed,0,8,7,23,23+,NA,0,0,0,0,1/12/2022,2:05:00 PM,13,948.38,0,0,0,0,0,0,0,NA,NA,NA,0.16905471
M Met MID 18,M,Metsch,Mid37,18,5,1/4/2022,1/27/2022,23,censored,0,Y,Exposed,0,8,5,23,23+,NA,0,0,0,0,1/12/2022,1:06:00 PM,1,941.6,0,0,0,0,0,0,0,NA,NA,NA,0.16905471
M Met MID 19,M,Metsch,Mid37,19,5,1/4/2022,1/27/2022,23,censored,0,Y,Exposed,0,8,7,23,23+,NA,0,0,0,0,1/12/2022,2:29:00 PM,20,943.73,0,0,0,0,0,0,0,NA,NA,NA,0.16905471
M Met MID 20,M,Metsch,Mid37,20,5,1/4/2022,1/27/2022,23,censored,0,Y,Exposed,0,8,5,23,23+,NA,0,0,0,0,1/12/2022,4:00:00 PM,33,968,0,0,0,0,0,0,0,NA,NA,NA,0.16905471
M+ Met MID 11,M+,Metsch,Mid37,11,5,1/4/2022,1/27/2022,23,censored,0,Y,Exposed,0,9,6,23,23+,NA,0,0,0,0,1/12/2022,3:13:00 PM,25,976.18,0,1,0,6,1,1,6,NA,NA,NA,22.31524205
M+ Met MID 12,M+,Metsch,Mid37,12,5,1/4/2022,1/27/2022,23,censored,0,Y,Exposed,0,9,8,23,23+,NA,0,0,0,0,1/12/2022,4:28:00 PM,40,994.06,0,0,0,0,0,0,0,NA,NA,NA,22.31524205
M+ Met MID 13,M+,Metsch,Mid37,13,5,1/4/2022,1/27/2022,23,censored,0,Y,Exposed,0,9,7,23,23+,NA,0,0,0,0,1/12/2022,1:50:00 PM,9,902.63,0,0,0,0,0,0,0,NA,NA,NA,22.31524205
M+ Met MID 14,M+,Metsch,Mid37,14,5,1/4/2022,1/27/2022,23,censored,0,Y,Exposed,0,9,2,23,23+,NA,0,0,0,0,1/12/2022,4:03:00 PM,34,788.26,0,1,0,3,1,1,3,NA,NA,NA,22.31524205
M+ Met MID 15,M+,Metsch,Mid37,15,5,1/4/2022,1/27/2022,23,censored,0,Y,Exposed,0,9,5,23,23+,NA,0,0,0,0,1/12/2022,1:47:00 PM,8,940.72,0,0,0,0,0,0,0,NA,NA,NA,22.31524205
M+ Met MID 16,M+,Metsch,Mid37,16,5,1/4/2022,1/27/2022,23,censored,0,Y,Exposed,0,9,8,23,23+,NA,0,0,0,0,1/12/2022,2:32:00 PM,21,984.41,0,0,0,0,0,0,0,NA,NA,NA,22.31524205
M+ Met MID 17,M+,Metsch,Mid37,17,5,1/4/2022,1/27/2022,23,censored,0,Y,Exposed,0,9,7,23,23+,NA,0,0,0,0,1/12/2022,2:08:00 PM,14,965.58,0,0,0,0,0,0,0,NA,NA,NA,22.31524205
M+ Met MID 18,M+,Metsch,Mid37,18,5,1/4/2022,1/13/2022,9,,1,N,Exposed,NA,9,0,9,9,NA,NA,NA,NA,NA,1/12/2022,2:14:00 PM,16,997.01,0,0,0,0,0,0,0,NA,NA,NA,22.31524205
M+ Met MID 19,M+,Metsch,Mid37,19,5,1/4/2022,1/27/2022,23,censored,0,Y,Exposed,0,9,5,23,23+,NA,0,0,0,0,1/12/2022,1:44:00 PM,7,935.41,0,0,0,0,0,0,0,NA,NA,NA,22.31524205
M+ Met MID 20,M+,Metsch,Mid37,20,5,1/4/2022,1/13/2022,9,,1,N,Exposed,NA,9,0,9,9,NA,NA,NA,NA,NA,1/12/2022,4:10:00 PM,36,802.67,0,1,0,2,1,1,2,NA,NA,NA,22.31524205
S Met STD 11,S,Metsch,Standard,11,5,1/4/2022,1/13/2022,9,,1,N,Exposed,NA,NA,0,9,9,NA,NA,NA,NA,NA,1/12/2022,10:08:00 AM,14,1128.07,5,4,1,9,10,5,1.8,NA,NA,NA,0.28711247
S Met STD 12,S,Metsch,Standard,12,5,1/4/2022,1/13/2022,9,,1,N,Exposed,NA,NA,0,9,9,NA,NA,NA,NA,NA,1/12/2022,11:59:00 AM,38,1145.76,6,12,1,16,19,13,1.2307692,NA,NA,NA,0.28711247
S Met STD 13,S,Metsch,Standard,13,5,1/4/2022,1/19/2022,15,,1,Y,Infected,1,14,7,15,15,NA,30750,3750,48750,83250,1/12/2022,11:54:00 AM,37,1152.47,3,8,1,46,12,9,5.1111111,NA,NA,NA,0.14663367
S Met STD 14,S,Metsch,Standard,14,5,1/4/2022,1/13/2022,9,,1,N,Exposed,NA,NA,0,9,9,NA,NA,NA,NA,NA,1/12/2022,11:04:00 AM,26,1169.3,2,9,3,27,14,12,2.25,NA,NA,NA,0.28711247
S Met STD 15,S,Metsch,Standard,15,5,1/4/2022,1/13/2022,9,,1,N,Exposed,NA,NA,0,9,9,NA,NA,NA,NA,NA,1/12/2022,10:37:00 AM,21,1267,5,8,1,11,14,9,1.2222222,NA,NA,NA,0.28711247
S Met STD 16,S,Metsch,Standard,16,5,1/4/2022,1/13/2022,9,,1,N,Exposed,NA,NA,0,9,9,NA,NA,NA,NA,NA,1/12/2022,11:39:00 AM,35,1188.9,6,11,1,18,18,12,1.5,NA,NA,NA,0.28711247
S Met STD 17,S,Metsch,Standard,17,5,1/4/2022,1/13/2022,9,,1,N,Exposed,NA,NA,0,9,9,NA,NA,NA,NA,NA,1/12/2022,10:43:00 AM,22,1159.95,7,12,0,20,19,12,1.6666667,NA,NA,NA,0.28711247
S Met STD 18,S,Metsch,Standard,18,5,1/4/2022,1/13/2022,9,,1,N,Exposed,NA,NA,0,9,9,NA,NA,NA,NA,NA,1/12/2022,9:18:00 AM,4,1222.04,1,6,0,11,7,6,1.8333333,NA,NA,NA,0.28711247
S Met STD 19,S,Metsch,Standard,19,5,1/4/2022,1/20/2022,16,,1,Y,Infected,1,14,12,16,16,NA,79500,10500,72500,162500,1/12/2022,10:59:00 AM,25,1200.2,3,4,3,39,10,7,5.5714286,NA,NA,NA,0.14663367
S Met STD 20,S,Metsch,Standard,20,5,1/4/2022,1/19/2022,15,,1,Y,Infected,1,14,11,15,15,NA,8750,4750,25750,39250,1/12/2022,9:48:00 AM,9,1149.86,5,9,0,7,14,9,0.7777778,NA,NA,NA,0.14663367
S:M Met STD 11,SM,Metsch,Standard,11,5,1/4/2022,1/13/2022,9,,1,N,Exposed,NA,NA,0,9,9,NA,NA,NA,NA,NA,1/12/2022,11:18:00 AM,30,987.61,1,0,0,0,1,0,0,NA,NA,NA,0.24921705
S:M Met STD 12,SM,Metsch,Standard,12,5,1/4/2022,1/27/2022,23,,1,Y,Infected,1,15,10,23,23,NA,61750,11500,57750,131000,1/12/2022,11:14:00 AM,29,1165,0,0,0,0,0,0,0,NA,NA,NA,0.06289449
S:M Met STD 13,SM,Metsch,Standard,13,5,1/4/2022,1/13/2022,9,,1,N,Exposed,NA,NA,0,9,9,NA,NA,NA,NA,NA,1/12/2022,9:12:00 AM,3,1088.14,0,0,0,0,0,0,0,NA,NA,NA,0.24921705
S:M Met STD 14,SM,Metsch,Standard,14,5,1/4/2022,1/12/2022,8,,1,N,Exposed,NA,NA,0,8,8,NA,NA,NA,NA,NA,1/12/2022,10:14:00 AM,15,1140.14,1,2,0,1,3,2,0.5,NA,NA,NA,0.24921705
S:M Met STD 15,SM,Metsch,Standard,15,5,1/4/2022,1/13/2022,9,,1,N,Exposed,NA,NA,0,9,9,NA,NA,NA,NA,NA,1/12/2022,9:30:00 AM,6,1091.74,1,1,0,1,2,1,1,NA,NA,NA,0.24921705
S:M Met STD 16,SM,Metsch,Standard,16,5,1/4/2022,1/27/2022,23,censored,0,Y,Exposed,0,16,16,23,23+,NA,0,0,0,0,1/12/2022,8:58:00 AM,1,1169.2,0,0,0,0,0,0,0,NA,NA,NA,0.24921705
S:M Met STD 17,SM,Metsch,Standard,17,5,1/4/2022,1/13/2022,9,,1,N,Exposed,NA,NA,0,9,9,NA,NA,NA,NA,NA,1/12/2022,11:25:00 AM,32,1077.03,0,0,0,0,0,0,0,NA,NA,NA,0.24921705
S:M Met STD 18,SM,Metsch,Standard,18,5,1/4/2022,1/13/2022,9,,1,N,Exposed,NA,NA,0,9,9,NA,NA,NA,NA,NA,1/12/2022,12:08:00 PM,40,1140.52,0,1,0,2,1,1,2,NA,NA,NA,0.24921705
S:M Met STD 19,SM,Metsch,Standard,19,5,1/4/2022,1/12/2022,8,,1,N,Exposed,NA,NA,0,8,8,NA,NA,NA,NA,NA,1/12/2022,10:05:00 AM,13,1080.7,0,0,0,0,0,0,0,NA,NA,NA,0.24921705
S:M Met STD 20,SM,Metsch,Standard,20,5,1/4/2022,1/27/2022,23,censored,0,Y,Uninfected,0,11,20,23,23+,NA,0,0,0,0,NA,NA,NA,NA,NA,NA,NA,NA,NA,NA,NA,NA,NA,NA,0.22496853
M Met STD 11,M,Metsch,Standard,11,5,1/4/2022,1/27/2022,23,censored,0,Y,Exposed,0,17,15,23,23+,NA,0,0,0,0,1/12/2022,10:18:00 AM,16,944.72,0,0,0,0,0,0,0,NA,NA,NA,0.11741132
M Met STD 12,M,Metsch,Standard,12,5,1/4/2022,1/27/2022,23,censored,0,Y,Exposed,0,17,11,23,23+,NA,0,0,0,0,1/12/2022,9:24:00 AM,5,1062.89,0,0,0,0,0,0,0,NA,NA,NA,0.11741132
M Met STD 13,M,Metsch,Standard,13,5,1/4/2022,1/21/2022,17,,1,Y,Exposed,0,17,1,17,17,NA,0,0,0,0,1/12/2022,10:52:00 AM,23,1010.75,0,0,0,0,0,0,0,NA,NA,NA,0.11741132
M Met STD 14,M,Metsch,Standard,14,5,1/4/2022,1/27/2022,23,censored,0,Y,Exposed,0,17,23,23,23+,NA,0,0,0,0,1/12/2022,11:10:00 AM,27,1103.57,0,0,0,0,0,0,0,NA,NA,NA,0.11741132
M Met STD 15,M,Metsch,Standard,15,5,1/4/2022,1/13/2022,9,,1,N,Exposed,NA,17,0,9,9,NA,NA,NA,NA,NA,1/12/2022,11:47:00 AM,36,1005.46,0,1,0,0,1,1,0,NA,NA,NA,0.11741132
M Met STD 16,M,Metsch,Standard,16,5,1/4/2022,1/13/2022,9,,1,N,Exposed,NA,17,0,9,9,NA,NA,NA,NA,NA,1/12/2022,10:22:00 AM,17,1065.28,0,2,0,2,2,2,1,NA,NA,NA,0.11741132
M Met STD 17,M,Metsch,Standard,17,5,1/4/2022,1/12/2022,8,,1,N,Exposed,NA,17,0,8,8,NA,NA,NA,NA,NA,1/12/2022,10:30:00 AM,19,1053.69,0,0,0,0,0,0,0,NA,NA,NA,0.11741132
M Met STD 18,M,Metsch,Standard,18,5,1/4/2022,1/13/2022,9,,1,N,Exposed,NA,17,0,9,9,NA,NA,NA,NA,NA,1/12/2022,9:42:00 AM,8,1084.38,2,1,0,10,3,1,10,NA,NA,NA,0.11741132
M Met STD 19,M,Metsch,Standard,19,5,1/4/2022,1/27/2022,23,censored,0,Y,Exposed,0,17,12,23,23+,NA,0,0,0,0,1/12/2022,10:26:00 AM,18,957.86,0,0,0,0,0,0,0,NA,NA,NA,0.11741132
M Met STD 20,M,Metsch,Standard,20,5,1/4/2022,1/27/2022,23,censored,0,Y,Uninfected,0,12,19,23,23+,NA,0,0,0,0,NA,NA,NA,NA,NA,NA,NA,NA,NA,NA,NA,NA,NA,NA,0.10558888
M+ Met STD 11,M+,Metsch,Standard,11,5,1/4/2022,1/19/2022,15,,1,Y,Exposed,0,18,2,15,15,NA,NA,NA,NA,NA,1/12/2022,9:54:00 AM,10,1074.17,0,0,0,0,0,0,0,NA,NA,NA,14.17299574
M+ Met STD 12,M+,Metsch,Standard,12,5,1/4/2022,1/27/2022,23,censored,0,Y,Exposed,0,18,7,23,23+,NA,0,0,0,0,1/12/2022,10:55:00 AM,24,1066.86,0,0,0,0,0,0,0,NA,NA,NA,14.17299574
M+ Met STD 13,M+,Metsch,Standard,13,5,1/4/2022,1/16/2022,12,,1,Y,Exposed,NA,18,0,12,12,NA,0,0,0,0,1/12/2022,11:33:00 AM,34,1039.05,1,0,0,0,1,0,0,NA,NA,NA,14.17299574
M+ Met STD 14,M+,Metsch,Standard,14,5,1/4/2022,1/18/2022,14,,1,Y,Exposed,NA,18,2,14,14,NA,0,0,0,0,1/12/2022,9:36:00 AM,7,1091.41,0,1,0,3,1,1,3,NA,NA,NA,14.17299574
M+ Met STD 15,M+,Metsch,Standard,15,5,1/4/2022,1/27/2022,23,censored,0,Y,Exposed,0,18,9,23,23+,NA,0,0,0,0,1/12/2022,11:12:00 AM,28,1106.58,0,0,0,0,0,0,0,NA,NA,NA,14.17299574
M+ Met STD 16,M+,Metsch,Standard,16,5,1/4/2022,1/27/2022,23,censored,0,Y,Exposed,0,18,13,23,23+,NA,0,0,0,0,1/12/2022,11:28:00 AM,33,1003.3,0,0,0,0,0,0,0,NA,NA,NA,14.17299574
M+ Met STD 17,M+,Metsch,Standard,17,5,1/4/2022,1/26/2022,22,,1,Y,Infected,1,NA,4,22,22,NA,35250,4000,25250,64500,1/12/2022,10:01:00 AM,12,1090.1,0,0,0,0,0,0,0,NA,NA,NA,15.42181106
M+ Met STD 18,M+,Metsch,Standard,18,5,1/4/2022,1/13/2022,9,,1,N,Exposed,NA,18,0,9,9,NA,NA,NA,NA,NA,1/12/2022,10:34:00 AM,20,1008.78,0,0,0,0,0,0,0,NA,NA,NA,14.17299574
M+ Met STD 19,M+,Metsch,Standard,19,5,1/4/2022,1/13/2022,9,,1,N,Exposed,NA,18,0,9,9,NA,NA,NA,NA,NA,1/12/2022,9:57:00 AM,11,1027.04,0,0,0,0,0,0,0,NA,NA,NA,14.17299574
M+ Met STD 20,M+,Metsch,Standard,20,5,1/4/2022,1/27/2022,23,censored,0,Y,Uninfected,0,13,14,23,23+,NA,0,0,0,0,NA,NA,NA,NA,NA,NA,NA,NA,NA,NA,NA,NA,NA,NA,10.23761856
